实体类型,实体值,总交易次数,欺诈次数,欺诈率,异常原因
card_no,6222021251837136,13,6,0.46153846153846156,欺诈率46.2%≥5%; 跨地区数7≥5; 跨设备数13≥5
card_no,6222023376077463,9,4,0.4444444444444444,欺诈率44.4%≥5%; 跨地区数7≥5; 跨设备数9≥5
card_no,6222026461974809,13,4,0.3076923076923077,欺诈率30.8%≥5%; 跨地区数9≥5; 跨设备数13≥5
card_no,6222026704841644,16,4,0.25,欺诈率25.0%≥5%; 跨地区数9≥5; 跨设备数16≥5
card_no,6222028299146480,10,4,0.4,欺诈率40.0%≥5%; 跨地区数6≥5; 跨设备数10≥5
card_no,6222028737025391,15,4,0.26666666666666666,欺诈率26.7%≥5%; 跨地区数8≥5; 跨设备数15≥5
card_no,6222025748253283,7,3,0.42857142857142855,欺诈率42.9%≥5%; 跨地区数6≥5; 跨设备数7≥5
card_no,6222021939042955,8,3,0.375,欺诈率37.5%≥5%; 跨地区数6≥5; 跨设备数8≥5
card_no,6222022785736751,11,2,0.18181818181818182,欺诈率18.2%≥5%; 跨地区数7≥5; 跨设备数11≥5
card_no,6222023319936135,11,2,0.18181818181818182,欺诈率18.2%≥5%; 跨地区数8≥5; 跨设备数10≥5
card_no,6222029333798503,10,2,0.2,欺诈率20.0%≥5%; 跨地区数7≥5; 跨设备数10≥5
card_no,6222027803990970,7,2,0.2857142857142857,欺诈率28.6%≥5%; 跨地区数5≥5; 跨设备数7≥5
card_no,6222029986353481,8,2,0.25,欺诈率25.0%≥5%; 跨地区数6≥5; 跨设备数8≥5
card_no,6222021104906255,10,1,0.1,欺诈率10.0%≥5%; 跨地区数6≥5; 跨设备数9≥5
card_no,6222022137651678,8,1,0.125,欺诈率12.5%≥5%; 跨地区数6≥5; 跨设备数8≥5
card_no,6222021245522987,8,1,0.125,欺诈率12.5%≥5%; 跨地区数5≥5; 跨设备数8≥5
card_no,6222025972484792,9,1,0.1111111111111111,欺诈率11.1%≥5%; 跨地区数5≥5; 跨设备数9≥5
card_no,6222026491309593,11,1,0.09090909090909091,欺诈率9.1%≥5%; 跨地区数9≥5; 跨设备数11≥5
card_no,6222027567496105,7,1,0.14285714285714285,欺诈率14.3%≥5%; 跨地区数5≥5; 跨设备数7≥5
card_no,6222029303285822,7,0,0.0,跨地区数5≥5; 跨设备数7≥5
card_no,6222029309500117,10,0,0.0,跨地区数7≥5; 跨设备数10≥5
card_no,6222029410288290,10,0,0.0,跨地区数7≥5; 跨设备数10≥5
card_no,6222029421518487,10,0,0.0,跨设备数10≥5
card_no,6222029438411468,8,0,0.0,跨地区数6≥5; 跨设备数7≥5
card_no,6222029462806178,8,0,0.0,跨地区数6≥5; 跨设备数8≥5
card_no,6222029526836552,5,0,0.0,跨地区数5≥5; 跨设备数5≥5
card_no,6222029573276057,7,0,0.0,跨地区数5≥5; 跨设备数7≥5
card_no,6222029592390865,9,0,0.0,跨地区数7≥5; 跨设备数9≥5
card_no,6222029597198563,9,0,0.0,跨地区数5≥5; 跨设备数9≥5
card_no,6222029639245200,11,0,0.0,跨地区数7≥5; 跨设备数11≥5
card_no,6222021977515194,10,0,0.0,跨地区数7≥5; 跨设备数10≥5
card_no,6222021983297492,8,0,0.0,跨地区数6≥5; 跨设备数8≥5
card_no,6222022047905204,7,0,0.0,跨地区数6≥5; 跨设备数7≥5
card_no,6222022067970820,11,0,0.0,跨地区数7≥5; 跨设备数11≥5
card_no,6222022094024844,13,0,0.0,跨地区数8≥5; 跨设备数12≥5
card_no,6222022125089309,7,0,0.0,跨地区数5≥5; 跨设备数7≥5
card_no,6222022139027119,14,0,0.0,跨地区数8≥5; 跨设备数14≥5
card_no,6222022140169349,11,0,0.0,跨地区数7≥5; 跨设备数11≥5
card_no,6222022145921803,8,0,0.0,跨地区数6≥5; 跨设备数8≥5
card_no,6222022149938334,11,0,0.0,跨地区数7≥5; 跨设备数11≥5
card_no,6222022181241943,9,0,0.0,跨地区数8≥5; 跨设备数9≥5
card_no,6222022188332531,13,0,0.0,跨地区数8≥5; 跨设备数13≥5
card_no,6222022227193073,12,0,0.0,跨地区数7≥5; 跨设备数11≥5
card_no,6222022232285036,13,0,0.0,跨地区数8≥5; 跨设备数13≥5
card_no,6222022274350418,5,0,0.0,跨设备数5≥5
card_no,6222022320763135,17,0,0.0,跨地区数8≥5; 跨设备数17≥5
card_no,6222022351531223,14,0,0.0,跨地区数7≥5; 跨设备数14≥5
card_no,6222022439622619,12,0,0.0,跨地区数6≥5; 跨设备数12≥5
card_no,6222022445662585,9,0,0.0,跨地区数8≥5; 跨设备数9≥5
card_no,6222022452066459,8,0,0.0,跨地区数5≥5; 跨设备数8≥5
card_no,6222022465576748,12,0,0.0,跨地区数7≥5; 跨设备数12≥5
card_no,6222022503068227,8,0,0.0,跨地区数7≥5; 跨设备数8≥5
card_no,6222022566942273,14,0,0.0,跨地区数7≥5; 跨设备数14≥5
card_no,6222022591589823,14,0,0.0,跨地区数7≥5; 跨设备数14≥5
card_no,6222022625792787,15,0,0.0,跨地区数6≥5; 跨设备数15≥5
card_no,6222022627677155,12,0,0.0,跨地区数8≥5; 跨设备数11≥5
card_no,6222022699887270,8,0,0.0,跨地区数6≥5; 跨设备数8≥5
card_no,6222022811967841,7,0,0.0,跨设备数7≥5
card_no,6222022825989011,6,0,0.0,跨设备数6≥5
card_no,6222022867302554,9,0,0.0,跨地区数7≥5; 跨设备数9≥5
card_no,6222022926780541,12,0,0.0,跨地区数9≥5; 跨设备数12≥5
card_no,6222022948728483,9,0,0.0,跨地区数6≥5; 跨设备数9≥5
card_no,6222022960488639,16,0,0.0,跨地区数8≥5; 跨设备数15≥5
card_no,6222022970753705,8,0,0.0,跨设备数8≥5
card_no,6222022982979741,6,0,0.0,跨设备数6≥5
card_no,6222023030106617,14,0,0.0,跨地区数9≥5; 跨设备数14≥5
card_no,6222023196545325,16,0,0.0,跨地区数8≥5; 跨设备数16≥5
card_no,6222023303082117,6,0,0.0,跨设备数6≥5
card_no,6222023316787198,12,0,0.0,跨地区数7≥5; 跨设备数11≥5
card_no,6222023328710672,9,0,0.0,跨地区数6≥5; 跨设备数9≥5
card_no,6222023343292475,13,0,0.0,跨地区数7≥5; 跨设备数13≥5
card_no,6222023361388464,10,0,0.0,跨地区数9≥5; 跨设备数10≥5
card_no,6222023363629219,10,0,0.0,跨地区数5≥5; 跨设备数10≥5
card_no,6222023392080953,7,0,0.0,跨地区数5≥5; 跨设备数7≥5
card_no,6222023476426797,9,0,0.0,跨地区数7≥5; 跨设备数9≥5
card_no,6222023479708607,16,0,0.0,跨地区数8≥5; 跨设备数16≥5
card_no,6222023553440342,12,0,0.0,跨地区数6≥5; 跨设备数12≥5
card_no,6222023555656321,10,0,0.0,跨地区数5≥5; 跨设备数10≥5
card_no,6222023597724331,9,0,0.0,跨地区数5≥5; 跨设备数9≥5
card_no,6222023615507143,9,0,0.0,跨地区数6≥5; 跨设备数9≥5
card_no,6222023660223333,12,0,0.0,跨地区数8≥5; 跨设备数12≥5
card_no,6222023691864041,9,0,0.0,跨地区数7≥5; 跨设备数9≥5
card_no,6222023693985578,7,0,0.0,跨地区数5≥5; 跨设备数7≥5
card_no,6222023694860228,10,0,0.0,跨地区数7≥5; 跨设备数9≥5
card_no,6222023710566582,9,0,0.0,跨地区数7≥5; 跨设备数9≥5
card_no,6222023746317213,14,0,0.0,跨地区数6≥5; 跨设备数14≥5
card_no,6222023783290795,7,0,0.0,跨地区数5≥5; 跨设备数7≥5
card_no,6222023792347639,11,0,0.0,跨地区数6≥5; 跨设备数11≥5
card_no,6222023799264931,9,0,0.0,跨地区数7≥5; 跨设备数9≥5
card_no,6222023849232839,13,0,0.0,跨地区数7≥5; 跨设备数13≥5
card_no,6222023875303857,17,0,0.0,跨地区数7≥5; 跨设备数17≥5
card_no,6222023880327491,13,0,0.0,跨地区数7≥5; 跨设备数13≥5
card_no,6222023980491761,7,0,0.0,跨地区数7≥5; 跨设备数7≥5
card_no,6222023987248494,8,0,0.0,跨地区数6≥5; 跨设备数8≥5
card_no,6222024026113008,9,0,0.0,跨地区数6≥5; 跨设备数8≥5
card_no,6222024034047118,14,0,0.0,跨地区数6≥5; 跨设备数14≥5
card_no,6222024070964768,7,0,0.0,跨设备数7≥5
card_no,6222024095476665,9,0,0.0,跨地区数7≥5; 跨设备数9≥5
card_no,6222024131356954,12,0,0.0,跨地区数8≥5; 跨设备数12≥5
card_no,6222024131575764,5,0,0.0,跨设备数5≥5
card_no,6222024163119785,13,0,0.0,跨地区数9≥5; 跨设备数13≥5
card_no,6222024226113732,14,0,0.0,跨地区数9≥5; 跨设备数14≥5
card_no,6222024239406957,10,0,0.0,跨地区数6≥5; 跨设备数10≥5
card_no,6222024274958945,7,0,0.0,跨地区数5≥5; 跨设备数7≥5
card_no,6222024289233844,7,0,0.0,跨地区数6≥5; 跨设备数6≥5
card_no,6222024311931853,8,0,0.0,跨地区数5≥5; 跨设备数8≥5
card_no,6222024332894265,14,0,0.0,跨地区数7≥5; 跨设备数14≥5
card_no,6222024361393222,14,0,0.0,跨地区数7≥5; 跨设备数14≥5
card_no,6222024460967357,9,0,0.0,跨地区数6≥5; 跨设备数9≥5
card_no,6222024466589567,11,0,0.0,跨地区数6≥5; 跨设备数11≥5
card_no,6222024482238042,16,0,0.0,跨地区数9≥5; 跨设备数15≥5
card_no,6222024518871744,10,0,0.0,跨地区数6≥5; 跨设备数10≥5
card_no,6222024590711152,10,0,0.0,跨地区数6≥5; 跨设备数10≥5
card_no,6222024633987776,13,0,0.0,跨地区数8≥5; 跨设备数13≥5
card_no,6222024642197907,12,0,0.0,跨地区数8≥5; 跨设备数12≥5
card_no,6222024643576871,6,0,0.0,跨设备数6≥5
card_no,6222024645120421,8,0,0.0,跨地区数5≥5; 跨设备数8≥5
card_no,6222024696689457,11,0,0.0,跨地区数6≥5; 跨设备数10≥5
card_no,6222024700855390,9,0,0.0,跨地区数6≥5; 跨设备数9≥5
card_no,6222024712367625,10,0,0.0,跨地区数7≥5; 跨设备数10≥5
card_no,6222024713453204,15,0,0.0,跨地区数7≥5; 跨设备数15≥5
card_no,6222024745927824,10,0,0.0,跨地区数5≥5; 跨设备数10≥5
card_no,6222024776436931,10,0,0.0,跨地区数7≥5; 跨设备数10≥5
card_no,6222024783282817,10,0,0.0,跨地区数6≥5; 跨设备数10≥5
card_no,6222024853479481,17,0,0.0,跨地区数8≥5; 跨设备数17≥5
card_no,6222024877520294,8,0,0.0,跨地区数5≥5; 跨设备数8≥5
card_no,6222024882343658,8,0,0.0,跨地区数7≥5; 跨设备数8≥5
card_no,6222024888749350,12,0,0.0,跨地区数6≥5; 跨设备数12≥5
card_no,6222024919706735,12,0,0.0,跨地区数6≥5; 跨设备数12≥5
card_no,6222024965395580,6,0,0.0,跨地区数5≥5; 跨设备数6≥5
card_no,6222024993808565,13,0,0.0,跨地区数6≥5; 跨设备数13≥5
card_no,6222025033992825,8,0,0.0,跨地区数7≥5; 跨设备数8≥5
card_no,6222025067116918,7,0,0.0,跨地区数6≥5; 跨设备数7≥5
card_no,6222025078551333,5,0,0.0,跨设备数5≥5
card_no,6222025160575046,10,0,0.0,跨地区数7≥5; 跨设备数10≥5
card_no,6222025161807235,7,0,0.0,跨地区数7≥5; 跨设备数7≥5
card_no,6222025278201677,18,0,0.0,跨地区数8≥5; 跨设备数17≥5
card_no,6222025284391408,13,0,0.0,跨地区数7≥5; 跨设备数13≥5
card_no,6222025296710795,6,0,0.0,跨地区数5≥5; 跨设备数6≥5
card_no,6222025310195918,11,0,0.0,跨地区数7≥5; 跨设备数10≥5
card_no,6222025419627962,11,0,0.0,跨地区数9≥5; 跨设备数11≥5
card_no,6222025510938155,11,0,0.0,跨地区数7≥5; 跨设备数11≥5
card_no,6222025567816720,8,0,0.0,跨地区数5≥5; 跨设备数8≥5
card_no,6222025570828113,6,0,0.0,跨地区数6≥5; 跨设备数6≥5
card_no,6222025607762160,12,0,0.0,跨地区数8≥5; 跨设备数12≥5
card_no,6222025646751885,6,0,0.0,跨地区数5≥5; 跨设备数6≥5
card_no,6222025659161352,9,0,0.0,跨地区数6≥5; 跨设备数9≥5
card_no,6222025693307665,7,0,0.0,跨地区数6≥5; 跨设备数7≥5
card_no,6222025710360983,6,0,0.0,跨地区数5≥5; 跨设备数6≥5
card_no,6222025728765136,9,0,0.0,跨地区数8≥5; 跨设备数8≥5
card_no,6222025736462531,7,0,0.0,跨设备数7≥5
card_no,6222021106456634,11,0,0.0,跨地区数9≥5; 跨设备数10≥5
card_no,6222025759234471,15,0,0.0,跨地区数7≥5; 跨设备数15≥5
card_no,6222025774080233,7,0,0.0,跨地区数5≥5; 跨设备数7≥5
card_no,6222025837082260,9,0,0.0,跨地区数5≥5; 跨设备数9≥5
card_no,6222025871743247,15,0,0.0,跨地区数9≥5; 跨设备数15≥5
card_no,6222025951406973,13,0,0.0,跨地区数7≥5; 跨设备数12≥5
card_no,6222021116402431,11,0,0.0,跨地区数6≥5; 跨设备数11≥5
card_no,6222025996775663,5,0,0.0,跨设备数5≥5
card_no,6222026009268066,11,0,0.0,跨地区数7≥5; 跨设备数11≥5
card_no,6222026124453431,14,0,0.0,跨地区数9≥5; 跨设备数13≥5
card_no,6222026204041308,12,0,0.0,跨地区数8≥5; 跨设备数12≥5
card_no,6222026237376063,17,0,0.0,跨地区数8≥5; 跨设备数17≥5
card_no,6222026241752544,13,0,0.0,跨地区数6≥5; 跨设备数12≥5
card_no,6222026242173772,5,0,0.0,跨设备数5≥5
card_no,6222026288227800,15,0,0.0,跨地区数8≥5; 跨设备数15≥5
card_no,6222026305160342,12,0,0.0,跨地区数7≥5; 跨设备数12≥5
card_no,6222026317189421,6,0,0.0,跨地区数5≥5; 跨设备数6≥5
card_no,6222026320115677,7,0,0.0,跨地区数6≥5; 跨设备数7≥5
card_no,6222021127978094,12,0,0.0,跨地区数7≥5; 跨设备数12≥5
card_no,6222026464693977,11,0,0.0,跨地区数6≥5; 跨设备数11≥5
card_no,6222026474354351,14,0,0.0,跨地区数8≥5; 跨设备数13≥5
card_no,6222026488854841,11,0,0.0,跨地区数7≥5; 跨设备数11≥5
card_no,6222021248786714,7,0,0.0,跨地区数6≥5; 跨设备数7≥5
card_no,6222026493800024,8,0,0.0,跨地区数6≥5; 跨设备数8≥5
card_no,6222026583444930,13,0,0.0,跨地区数9≥5; 跨设备数13≥5
card_no,6222026587537178,10,0,0.0,跨地区数6≥5; 跨设备数10≥5
card_no,6222026618926823,9,0,0.0,跨设备数9≥5
card_no,6222026633778586,18,0,0.0,跨地区数10≥5; 跨设备数18≥5
card_no,6222026642201119,9,0,0.0,跨地区数7≥5; 跨设备数9≥5
card_no,6222026649827836,7,0,0.0,跨地区数5≥5; 跨设备数7≥5
card_no,6222026687206971,8,0,0.0,跨地区数7≥5; 跨设备数7≥5
card_no,6222026698759353,6,0,0.0,跨地区数6≥5; 跨设备数6≥5
card_no,6222021311570307,10,0,0.0,跨地区数8≥5; 跨设备数10≥5
card_no,6222026756332150,11,0,0.0,跨地区数7≥5; 跨设备数11≥5
card_no,6222026805759868,13,0,0.0,跨地区数7≥5; 跨设备数12≥5
card_no,6222026859286614,7,0,0.0,跨地区数5≥5; 跨设备数7≥5
card_no,6222026882074066,6,0,0.0,跨设备数6≥5
card_no,6222026884882440,5,0,0.0,跨设备数5≥5
card_no,6222026923206003,7,0,0.0,跨地区数6≥5; 跨设备数7≥5
card_no,6222026923301988,9,0,0.0,跨地区数7≥5; 跨设备数9≥5
card_no,6222026924716023,16,0,0.0,跨地区数7≥5; 跨设备数16≥5
card_no,6222026928691380,10,0,0.0,跨地区数6≥5; 跨设备数10≥5
card_no,6222027010379415,11,0,0.0,跨地区数6≥5; 跨设备数11≥5
card_no,6222027045593274,8,0,0.0,跨地区数6≥5; 跨设备数8≥5
card_no,6222027049001493,16,0,0.0,跨地区数8≥5; 跨设备数16≥5
card_no,6222027099469983,10,0,0.0,跨地区数7≥5; 跨设备数9≥5
card_no,6222027114223633,11,0,0.0,跨地区数7≥5; 跨设备数11≥5
card_no,6222027146318035,8,0,0.0,跨地区数7≥5; 跨设备数8≥5
card_no,6222027161404428,10,0,0.0,跨地区数7≥5; 跨设备数10≥5
card_no,6222027166868574,12,0,0.0,跨地区数5≥5; 跨设备数12≥5
card_no,6222027249213370,11,0,0.0,跨地区数7≥5; 跨设备数11≥5
card_no,6222027271954644,10,0,0.0,跨地区数5≥5; 跨设备数9≥5
card_no,6222027292076361,9,0,0.0,跨地区数7≥5; 跨设备数9≥5
card_no,6222027333678472,8,0,0.0,跨地区数5≥5; 跨设备数8≥5
card_no,6222027380780055,10,0,0.0,跨地区数6≥5; 跨设备数10≥5
card_no,6222027393195616,6,0,0.0,跨设备数6≥5
card_no,6222027418301077,17,0,0.0,跨地区数9≥5; 跨设备数17≥5
card_no,6222027462972995,12,0,0.0,跨地区数9≥5; 跨设备数12≥5
card_no,6222027483366056,16,0,0.0,跨地区数9≥5; 跨设备数16≥5
card_no,6222027517938612,8,0,0.0,跨地区数7≥5; 跨设备数8≥5
card_no,6222027519578899,8,0,0.0,跨地区数6≥5; 跨设备数8≥5
card_no,6222027533932947,7,0,0.0,跨地区数5≥5; 跨设备数7≥5
card_no,6222021422701550,9,0,0.0,跨地区数7≥5; 跨设备数9≥5
card_no,6222027597996327,10,0,0.0,跨地区数5≥5; 跨设备数10≥5
card_no,6222027625464411,11,0,0.0,跨地区数6≥5; 跨设备数11≥5
card_no,6222027635473142,5,0,0.0,跨设备数5≥5
card_no,6222027648059419,11,0,0.0,跨地区数8≥5; 跨设备数11≥5
card_no,6222027665963761,15,0,0.0,跨地区数5≥5; 跨设备数14≥5
card_no,6222021470939445,5,0,0.0,跨设备数5≥5
card_no,6222027805745017,11,0,0.0,跨地区数6≥5; 跨设备数11≥5
card_no,6222027825844140,12,0,0.0,跨地区数7≥5; 跨设备数12≥5
card_no,6222027852415525,9,0,0.0,跨地区数6≥5; 跨设备数9≥5
card_no,6222027887950851,5,0,0.0,跨设备数5≥5
card_no,6222028033702319,11,0,0.0,跨地区数6≥5; 跨设备数11≥5
card_no,6222028047877267,9,0,0.0,跨地区数7≥5; 跨设备数8≥5
card_no,6222028055556030,11,0,0.0,跨地区数5≥5; 跨设备数11≥5
card_no,6222028086172302,8,0,0.0,跨地区数6≥5; 跨设备数8≥5
card_no,6222028106906538,12,0,0.0,跨地区数7≥5; 跨设备数11≥5
card_no,6222028110054933,13,0,0.0,跨地区数7≥5; 跨设备数13≥5
card_no,6222028168204967,7,0,0.0,跨设备数7≥5
card_no,6222028184602688,12,0,0.0,跨地区数9≥5; 跨设备数12≥5
card_no,6222028235363119,9,0,0.0,跨地区数6≥5; 跨设备数9≥5
card_no,6222028285786023,10,0,0.0,跨地区数6≥5; 跨设备数10≥5
card_no,6222028293453178,10,0,0.0,跨地区数7≥5; 跨设备数10≥5
card_no,6222029155819200,11,0,0.0,跨地区数9≥5; 跨设备数11≥5
card_no,6222028316648259,8,0,0.0,跨地区数5≥5; 跨设备数8≥5
card_no,6222028339176912,7,0,0.0,跨地区数5≥5; 跨设备数7≥5
card_no,6222028370987661,12,0,0.0,跨地区数8≥5; 跨设备数12≥5
card_no,6222028377088167,15,0,0.0,跨地区数9≥5; 跨设备数15≥5
card_no,6222028380507338,10,0,0.0,跨地区数6≥5; 跨设备数10≥5
card_no,6222028429141456,13,0,0.0,跨地区数8≥5; 跨设备数13≥5
card_no,6222028478529823,8,0,0.0,跨地区数5≥5; 跨设备数7≥5
card_no,6222028507497883,8,0,0.0,跨地区数6≥5; 跨设备数8≥5
card_no,6222028531118333,9,0,0.0,跨地区数6≥5; 跨设备数9≥5
card_no,6222028588769565,13,0,0.0,跨地区数7≥5; 跨设备数13≥5
card_no,6222028612747444,7,0,0.0,跨地区数5≥5; 跨设备数7≥5
card_no,6222028664882079,14,0,0.0,跨地区数8≥5; 跨设备数14≥5
card_no,6222021965067727,8,0,0.0,跨地区数5≥5; 跨设备数8≥5
card_no,6222028763140509,9,0,0.0,跨地区数5≥5; 跨设备数8≥5
card_no,6222028826851692,7,0,0.0,跨地区数7≥5; 跨设备数7≥5
card_no,6222028854238082,9,0,0.0,跨地区数5≥5; 跨设备数9≥5
card_no,6222028868054898,10,0,0.0,跨地区数6≥5; 跨设备数10≥5
card_no,6222028879525611,9,0,0.0,跨地区数5≥5; 跨设备数8≥5
card_no,6222028934927891,6,0,0.0,跨设备数6≥5
card_no,6222028943866829,9,0,0.0,跨地区数7≥5; 跨设备数9≥5
card_no,6222028982597239,15,0,0.0,跨地区数10≥5; 跨设备数15≥5
card_no,6222028987073217,6,0,0.0,跨设备数6≥5
card_no,6222028995970241,9,0,0.0,跨地区数6≥5; 跨设备数9≥5
card_no,6222029080621072,9,0,0.0,跨地区数5≥5; 跨设备数9≥5
card_no,6222029123612497,21,0,0.0,交易频次21≥20; 跨地区数10≥5; 跨设备数21≥5
card_no,6222029673185158,13,0,0.0,跨地区数7≥5; 跨设备数11≥5
card_no,6222029677466102,10,0,0.0,跨地区数7≥5; 跨设备数10≥5
card_no,6222029691572571,13,0,0.0,跨地区数7≥5; 跨设备数13≥5
card_no,6222029697354961,10,0,0.0,跨地区数6≥5; 跨设备数10≥5
card_no,6222029703905715,8,0,0.0,跨设备数8≥5
card_no,6222029786748825,11,0,0.0,跨地区数5≥5; 跨设备数11≥5
card_no,6222029805620900,5,0,0.0,跨设备数5≥5
card_no,6222029807209816,11,0,0.0,跨地区数7≥5; 跨设备数11≥5
card_no,6222029894264595,8,0,0.0,跨地区数5≥5; 跨设备数8≥5
card_no,6222029894847574,10,0,0.0,跨地区数7≥5; 跨设备数10≥5
card_no,6222029904586976,10,0,0.0,跨地区数6≥5; 跨设备数10≥5
card_no,6222029916336966,5,0,0.0,跨设备数5≥5
card_no,6222029922723063,12,0,0.0,跨地区数8≥5; 跨设备数12≥5
card_no,6222029957813353,8,0,0.0,跨地区数6≥5; 跨设备数7≥5
card_no,6222029963334018,10,0,0.0,跨地区数6≥5; 跨设备数9≥5
card_no,6222021041531046,14,0,0.0,跨地区数8≥5; 跨设备数14≥5
card_no,6222021519709079,12,0,0.0,跨地区数7≥5; 跨设备数12≥5
card_no,6222021546696950,9,0,0.0,跨地区数7≥5; 跨设备数9≥5
card_no,6222021547374338,9,0,0.0,跨地区数6≥5; 跨设备数8≥5
card_no,6222021594312071,13,0,0.0,跨地区数6≥5; 跨设备数13≥5
card_no,6222021654477195,14,0,0.0,跨地区数9≥5; 跨设备数14≥5
card_no,6222021664847319,13,0,0.0,跨地区数9≥5; 跨设备数13≥5
card_no,6222021667779376,10,0,0.0,跨地区数8≥5; 跨设备数10≥5
card_no,6222021798112150,8,0,0.0,跨地区数6≥5; 跨设备数8≥5
card_no,6222021817804383,16,0,0.0,跨地区数8≥5; 跨设备数16≥5
card_no,6222021855256552,11,0,0.0,跨地区数9≥5; 跨设备数11≥5
card_no,6222029285415473,10,0,0.0,跨地区数6≥5; 跨设备数10≥5
card_no,6222021945826486,13,0,0.0,跨地区数8≥5; 跨设备数13≥5
card_no,6222021955345537,12,0,0.0,跨地区数6≥5; 跨设备数12≥5
card_no,6222021958682846,9,0,0.0,跨地区数6≥5; 跨设备数9≥5
card_no,6222021083651970,8,0,0.0,跨地区数6≥5; 跨设备数8≥5
merchant_id,M971084,50,3,0.06,欺诈率6.0%≥5%; 交易频次50≥20; 跨地区数10≥5; 跨设备数48≥5
merchant_id,M110644,58,2,0.034482758620689655,交易频次58≥20; 跨地区数10≥5; 跨设备数54≥5
merchant_id,M355709,51,2,0.0392156862745098,交易频次51≥20; 跨地区数10≥5; 跨设备数48≥5
merchant_id,M300337,41,2,0.04878048780487805,交易频次41≥20; 跨地区数10≥5; 跨设备数39≥5
merchant_id,M497399,38,2,0.05263157894736842,欺诈率5.3%≥5%; 交易频次38≥20; 跨地区数9≥5; 跨设备数35≥5
merchant_id,M782054,41,2,0.04878048780487805,交易频次41≥20; 跨地区数10≥5; 跨设备数38≥5
merchant_id,M912270,52,2,0.038461538461538464,交易频次52≥20; 跨地区数10≥5; 跨设备数47≥5
merchant_id,M855053,56,2,0.03571428571428571,交易频次56≥20; 跨地区数10≥5; 跨设备数56≥5
merchant_id,M682144,54,2,0.037037037037037035,交易频次54≥20; 跨地区数10≥5; 跨设备数53≥5
merchant_id,M392477,45,2,0.044444444444444446,交易频次45≥20; 跨地区数10≥5; 跨设备数41≥5
merchant_id,M587282,47,2,0.0425531914893617,交易频次47≥20; 跨地区数10≥5; 跨设备数45≥5
merchant_id,M190872,47,1,0.02127659574468085,交易频次47≥20; 跨地区数10≥5; 跨设备数42≥5
merchant_id,M556732,52,1,0.019230769230769232,交易频次52≥20; 跨地区数10≥5; 跨设备数50≥5
merchant_id,M572700,44,1,0.022727272727272728,交易频次44≥20; 跨地区数10≥5; 跨设备数42≥5
merchant_id,M452737,57,1,0.017543859649122806,交易频次57≥20; 跨地区数10≥5; 跨设备数54≥5
merchant_id,M383201,57,1,0.017543859649122806,交易频次57≥20; 跨地区数10≥5; 跨设备数54≥5
merchant_id,M841666,60,1,0.016666666666666666,交易频次60≥20; 跨地区数10≥5; 跨设备数56≥5
merchant_id,M992288,55,1,0.01818181818181818,交易频次55≥20; 跨地区数10≥5; 跨设备数52≥5
merchant_id,M725113,55,1,0.01818181818181818,交易频次55≥20; 跨地区数10≥5; 跨设备数53≥5
merchant_id,M739979,67,1,0.014925373134328358,交易频次67≥20; 跨地区数10≥5; 跨设备数63≥5
merchant_id,M606983,42,1,0.023809523809523808,交易频次42≥20; 跨地区数10≥5; 跨设备数40≥5
merchant_id,M647091,51,1,0.0196078431372549,交易频次51≥20; 跨地区数10≥5; 跨设备数50≥5
merchant_id,M353080,54,1,0.018518518518518517,交易频次54≥20; 跨地区数10≥5; 跨设备数47≥5
merchant_id,M437960,45,1,0.022222222222222223,交易频次45≥20; 跨地区数10≥5; 跨设备数44≥5
merchant_id,M370902,52,1,0.019230769230769232,交易频次52≥20; 跨地区数10≥5; 跨设备数47≥5
merchant_id,M393243,41,1,0.024390243902439025,交易频次41≥20; 跨地区数10≥5; 跨设备数41≥5
merchant_id,M456871,53,1,0.018867924528301886,交易频次53≥20; 跨地区数10≥5; 跨设备数50≥5
merchant_id,M189771,50,1,0.02,交易频次50≥20; 跨地区数10≥5; 跨设备数48≥5
merchant_id,M993085,53,1,0.018867924528301886,交易频次53≥20; 跨地区数10≥5; 跨设备数46≥5
merchant_id,M947458,65,1,0.015384615384615385,交易频次65≥20; 跨地区数10≥5; 跨设备数62≥5
merchant_id,M835244,48,1,0.020833333333333332,交易频次48≥20; 跨地区数10≥5; 跨设备数46≥5
merchant_id,M800646,40,1,0.025,交易频次40≥20; 跨地区数10≥5; 跨设备数36≥5
merchant_id,M721254,45,1,0.022222222222222223,交易频次45≥20; 跨地区数10≥5; 跨设备数42≥5
merchant_id,M697530,53,1,0.018867924528301886,交易频次53≥20; 跨地区数10≥5; 跨设备数47≥5
merchant_id,M664315,49,1,0.02040816326530612,交易频次49≥20; 跨地区数10≥5; 跨设备数44≥5
merchant_id,M618317,51,1,0.0196078431372549,交易频次51≥20; 跨地区数10≥5; 跨设备数51≥5
merchant_id,M290672,44,0,0.0,交易频次44≥20; 跨地区数10≥5; 跨设备数41≥5
merchant_id,M284692,50,0,0.0,交易频次50≥20; 跨地区数10≥5; 跨设备数44≥5
merchant_id,M130094,42,0,0.0,交易频次42≥20; 跨地区数10≥5; 跨设备数42≥5
merchant_id,M260422,50,0,0.0,交易频次50≥20; 跨地区数10≥5; 跨设备数45≥5
merchant_id,M389688,39,0,0.0,交易频次39≥20; 跨地区数10≥5; 跨设备数39≥5
merchant_id,M381433,63,0,0.0,交易频次63≥20; 跨地区数10≥5; 跨设备数61≥5
merchant_id,M322423,49,0,0.0,交易频次49≥20; 跨地区数10≥5; 跨设备数45≥5
merchant_id,M357420,54,0,0.0,交易频次54≥20; 跨地区数10≥5; 跨设备数49≥5
merchant_id,M526170,51,0,0.0,交易频次51≥20; 跨地区数10≥5; 跨设备数46≥5
merchant_id,M556641,45,0,0.0,交易频次45≥20; 跨地区数10≥5; 跨设备数43≥5
merchant_id,M472060,50,0,0.0,交易频次50≥20; 跨地区数10≥5; 跨设备数46≥5
merchant_id,M440802,42,0,0.0,交易频次42≥20; 跨地区数10≥5; 跨设备数39≥5
merchant_id,M611233,58,0,0.0,交易频次58≥20; 跨地区数10≥5; 跨设备数54≥5
merchant_id,M587455,44,0,0.0,交易频次44≥20; 跨地区数10≥5; 跨设备数43≥5
merchant_id,M612311,41,0,0.0,交易频次41≥20; 跨地区数10≥5; 跨设备数40≥5
merchant_id,M641722,59,0,0.0,交易频次59≥20; 跨地区数10≥5; 跨设备数53≥5
merchant_id,M745830,56,0,0.0,交易频次56≥20; 跨地区数10≥5; 跨设备数52≥5
merchant_id,M682789,41,0,0.0,交易频次41≥20; 跨地区数10≥5; 跨设备数36≥5
merchant_id,M866536,59,0,0.0,交易频次59≥20; 跨地区数10≥5; 跨设备数56≥5
merchant_id,M869440,44,0,0.0,交易频次44≥20; 跨地区数10≥5; 跨设备数41≥5
merchant_id,M886931,50,0,0.0,交易频次50≥20; 跨地区数10≥5; 跨设备数47≥5
merchant_id,M894993,51,0,0.0,交易频次51≥20; 跨地区数10≥5; 跨设备数46≥5
merchant_id,M936587,55,0,0.0,交易频次55≥20; 跨地区数9≥5; 跨设备数51≥5
merchant_id,M965845,44,0,0.0,交易频次44≥20; 跨地区数9≥5; 跨设备数40≥5
device_id,DEV00000238,9,2,0.2222222222222222,欺诈率22.2%≥5%; 跨地区数7≥5
device_id,DEV00000121,6,1,0.16666666666666666,欺诈率16.7%≥5%; 跨地区数5≥5
device_id,DEV00000007,4,1,0.25,欺诈率25.0%≥5%
device_id,DEV00000071,11,1,0.09090909090909091,欺诈率9.1%≥5%; 跨地区数6≥5
device_id,DEV00000150,7,1,0.14285714285714285,欺诈率14.3%≥5%; 跨地区数5≥5
device_id,DEV00000141,8,1,0.125,欺诈率12.5%≥5%; 跨地区数6≥5
device_id,DEV00000142,10,1,0.1,欺诈率10.0%≥5%; 跨地区数6≥5
device_id,DEV00000104,6,1,0.16666666666666666,欺诈率16.7%≥5%; 跨地区数5≥5
device_id,DEV00000117,8,1,0.125,欺诈率12.5%≥5%; 跨地区数7≥5
device_id,DEV00000077,8,1,0.125,欺诈率12.5%≥5%; 跨地区数5≥5
device_id,DEV00000106,5,1,0.2,欺诈率20.0%≥5%
device_id,DEV00000107,10,1,0.1,欺诈率10.0%≥5%; 跨地区数8≥5
device_id,DEV00000080,6,1,0.16666666666666666,欺诈率16.7%≥5%; 跨地区数6≥5
device_id,DEV00000108,12,1,0.08333333333333333,欺诈率8.3%≥5%; 跨地区数7≥5
device_id,DEV00000061,8,1,0.125,欺诈率12.5%≥5%; 跨地区数7≥5
device_id,DEV00000186,10,1,0.1,欺诈率10.0%≥5%; 跨地区数8≥5
device_id,DEV00000179,15,1,0.06666666666666667,欺诈率6.7%≥5%; 跨地区数9≥5
device_id,DEV00000177,9,1,0.1111111111111111,欺诈率11.1%≥5%; 跨地区数6≥5
device_id,DEV00000065,9,1,0.1111111111111111,欺诈率11.1%≥5%; 跨地区数7≥5
device_id,DEV00000066,7,1,0.14285714285714285,欺诈率14.3%≥5%; 跨地区数5≥5
device_id,DEV00000112,7,1,0.14285714285714285,欺诈率14.3%≥5%; 跨地区数6≥5
device_id,DEV00000068,12,1,0.08333333333333333,欺诈率8.3%≥5%; 跨地区数5≥5
device_id,DEV00000086,6,1,0.16666666666666666,欺诈率16.7%≥5%
device_id,DEV00000188,11,1,0.09090909090909091,欺诈率9.1%≥5%; 跨地区数5≥5
device_id,DEV00000199,11,1,0.09090909090909091,欺诈率9.1%≥5%; 跨地区数8≥5
device_id,DEV00000207,10,1,0.1,欺诈率10.0%≥5%; 跨地区数6≥5
device_id,DEV00000214,9,1,0.1111111111111111,欺诈率11.1%≥5%; 跨地区数8≥5
device_id,DEV00000217,10,1,0.1,欺诈率10.0%≥5%; 跨地区数6≥5
device_id,DEV00000223,10,1,0.1,欺诈率10.0%≥5%; 跨地区数7≥5
device_id,DEV00000226,10,1,0.1,欺诈率10.0%≥5%; 跨地区数5≥5
device_id,DEV00000234,21,1,0.047619047619047616,交易频次21≥20; 跨地区数10≥5
device_id,DEV00000236,4,1,0.25,欺诈率25.0%≥5%
device_id,DEV00000025,6,1,0.16666666666666666,欺诈率16.7%≥5%; 跨地区数6≥5
device_id,DEV00000239,11,1,0.09090909090909091,欺诈率9.1%≥5%; 跨地区数7≥5
device_id,DEV00000249,7,1,0.14285714285714285,欺诈率14.3%≥5%
device_id,DEV00000260,7,1,0.14285714285714285,欺诈率14.3%≥5%; 跨地区数6≥5
device_id,DEV00000275,6,1,0.16666666666666666,欺诈率16.7%≥5%; 跨地区数5≥5
device_id,DEV00000022,7,1,0.14285714285714285,欺诈率14.3%≥5%; 跨地区数7≥5
device_id,DEV00000285,4,1,0.25,欺诈率25.0%≥5%
device_id,DEV00000306,9,1,0.1111111111111111,欺诈率11.1%≥5%; 跨地区数6≥5
device_id,DEV00000312,14,1,0.07142857142857142,欺诈率7.1%≥5%; 跨地区数5≥5
device_id,DEV00000327,8,1,0.125,欺诈率12.5%≥5%; 跨地区数6≥5
device_id,DEV00000334,5,1,0.2,欺诈率20.0%≥5%
device_id,DEV00000336,9,1,0.1111111111111111,欺诈率11.1%≥5%; 跨地区数7≥5
device_id,DEV00000342,8,1,0.125,欺诈率12.5%≥5%; 跨地区数7≥5
device_id,DEV00000343,13,1,0.07692307692307693,欺诈率7.7%≥5%; 跨地区数8≥5
device_id,DEV00000373,10,1,0.1,欺诈率10.0%≥5%; 跨地区数7≥5
device_id,DEV00000026,5,0,0.0,跨地区数5≥5
device_id,DEV00000028,8,0,0.0,跨地区数6≥5
device_id,DEV00000031,7,0,0.0,跨地区数5≥5
device_id,DEV00000032,7,0,0.0,跨地区数5≥5
device_id,DEV00000033,12,0,0.0,跨地区数7≥5
device_id,DEV00000035,9,0,0.0,跨地区数6≥5
device_id,DEV00000036,10,0,0.0,跨地区数8≥5
device_id,DEV00000037,9,0,0.0,跨地区数7≥5
device_id,DEV00000038,6,0,0.0,跨地区数5≥5
device_id,DEV00000039,5,0,0.0,跨地区数5≥5
device_id,DEV00000040,9,0,0.0,跨地区数7≥5
device_id,DEV00000041,12,0,0.0,跨地区数7≥5
device_id,DEV00000042,14,0,0.0,跨地区数9≥5
device_id,DEV00000043,10,0,0.0,跨地区数8≥5
device_id,DEV00000044,10,0,0.0,跨地区数6≥5
device_id,DEV00000045,11,0,0.0,跨地区数7≥5
device_id,DEV00000046,9,0,0.0,跨地区数5≥5
device_id,DEV00000047,19,0,0.0,跨地区数8≥5
device_id,DEV00000050,13,0,0.0,跨地区数8≥5
device_id,DEV00000051,9,0,0.0,跨地区数6≥5
device_id,DEV00000052,12,0,0.0,跨地区数6≥5
device_id,DEV00000053,7,0,0.0,跨地区数6≥5
device_id,DEV00000054,12,0,0.0,跨地区数7≥5
device_id,DEV00000055,13,0,0.0,跨地区数8≥5
device_id,DEV00000056,11,0,0.0,跨地区数6≥5
device_id,DEV00000057,9,0,0.0,跨地区数6≥5
device_id,DEV00000058,11,0,0.0,跨地区数7≥5
device_id,DEV00000059,6,0,0.0,跨地区数5≥5
device_id,DEV00000062,9,0,0.0,跨地区数8≥5
device_id,DEV00000064,7,0,0.0,跨地区数6≥5
device_id,DEV00000069,7,0,0.0,跨地区数5≥5
device_id,DEV00000073,6,0,0.0,跨地区数5≥5
device_id,DEV00000074,8,0,0.0,跨地区数6≥5
device_id,DEV00000075,7,0,0.0,跨地区数6≥5
device_id,DEV00000079,10,0,0.0,跨地区数5≥5
device_id,DEV00000081,8,0,0.0,跨地区数7≥5
device_id,DEV00000084,10,0,0.0,跨地区数7≥5
device_id,DEV00000085,12,0,0.0,跨地区数8≥5
device_id,DEV00000088,10,0,0.0,跨地区数8≥5
device_id,DEV00000089,9,0,0.0,跨地区数5≥5
device_id,DEV00000091,9,0,0.0,跨地区数6≥5
device_id,DEV00000092,6,0,0.0,跨地区数6≥5
device_id,DEV00000093,8,0,0.0,跨地区数7≥5
device_id,DEV00000094,9,0,0.0,跨地区数7≥5
device_id,DEV00000095,8,0,0.0,跨地区数6≥5
device_id,DEV00000096,9,0,0.0,跨地区数5≥5
device_id,DEV00000097,7,0,0.0,跨地区数6≥5
device_id,DEV00000100,8,0,0.0,跨地区数6≥5
device_id,DEV00000101,11,0,0.0,跨地区数7≥5
device_id,DEV00000102,9,0,0.0,跨地区数6≥5
device_id,DEV00000105,10,0,0.0,跨地区数6≥5
device_id,DEV00000109,10,0,0.0,跨地区数7≥5
device_id,DEV00000110,10,0,0.0,跨地区数7≥5
device_id,DEV00000111,6,0,0.0,跨地区数6≥5
device_id,DEV00000113,5,0,0.0,跨地区数5≥5
device_id,DEV00000114,7,0,0.0,跨地区数5≥5
device_id,DEV00000115,10,0,0.0,跨地区数7≥5
device_id,DEV00000116,14,0,0.0,跨地区数7≥5
device_id,DEV00000118,7,0,0.0,跨地区数5≥5
device_id,DEV00000119,8,0,0.0,跨地区数6≥5
device_id,DEV00000120,9,0,0.0,跨地区数5≥5
device_id,DEV00000124,8,0,0.0,跨地区数5≥5
device_id,DEV00000125,10,0,0.0,跨地区数6≥5
device_id,DEV00000126,8,0,0.0,跨地区数6≥5
device_id,DEV00000127,6,0,0.0,跨地区数5≥5
device_id,DEV00000128,13,0,0.0,跨地区数8≥5
device_id,DEV00000129,9,0,0.0,跨地区数6≥5
device_id,DEV00000130,6,0,0.0,跨地区数5≥5
device_id,DEV00000131,9,0,0.0,跨地区数6≥5
device_id,DEV00000133,8,0,0.0,跨地区数6≥5
device_id,DEV00000134,10,0,0.0,跨地区数7≥5
device_id,DEV00000135,13,0,0.0,跨地区数8≥5
device_id,DEV00000136,7,0,0.0,跨地区数5≥5
device_id,DEV00000137,7,0,0.0,跨地区数5≥5
device_id,DEV00000138,9,0,0.0,跨地区数5≥5
device_id,DEV00000139,8,0,0.0,跨地区数6≥5
device_id,DEV00000140,11,0,0.0,跨地区数6≥5
device_id,DEV00000143,6,0,0.0,跨地区数5≥5
device_id,DEV00000144,9,0,0.0,跨地区数7≥5
device_id,DEV00000145,13,0,0.0,跨地区数7≥5
device_id,DEV00000146,9,0,0.0,跨地区数6≥5
device_id,DEV00000147,6,0,0.0,跨地区数5≥5
device_id,DEV00000149,10,0,0.0,跨地区数6≥5
device_id,DEV00000151,10,0,0.0,跨地区数5≥5
device_id,DEV00000152,6,0,0.0,跨地区数5≥5
device_id,DEV00000153,13,0,0.0,跨地区数6≥5
device_id,DEV00000154,8,0,0.0,跨地区数6≥5
device_id,DEV00000155,8,0,0.0,跨地区数5≥5
device_id,DEV00000156,7,0,0.0,跨地区数7≥5
device_id,DEV00000158,9,0,0.0,跨地区数6≥5
device_id,DEV00000159,6,0,0.0,跨地区数5≥5
device_id,DEV00000160,8,0,0.0,跨地区数6≥5
device_id,DEV00000163,7,0,0.0,跨地区数5≥5
device_id,DEV00000165,7,0,0.0,跨地区数5≥5
device_id,DEV00000167,8,0,0.0,跨地区数7≥5
device_id,DEV00000168,8,0,0.0,跨地区数5≥5
device_id,DEV00000169,8,0,0.0,跨地区数6≥5
device_id,DEV00000170,7,0,0.0,跨地区数6≥5
device_id,DEV00000173,8,0,0.0,跨地区数5≥5
device_id,DEV00000175,9,0,0.0,跨地区数5≥5
device_id,DEV00000176,8,0,0.0,跨地区数6≥5
device_id,DEV00000181,9,0,0.0,跨地区数7≥5
device_id,DEV00000182,8,0,0.0,跨地区数6≥5
device_id,DEV00000183,11,0,0.0,跨地区数6≥5
device_id,DEV00000184,6,0,0.0,跨地区数6≥5
device_id,DEV00000185,8,0,0.0,跨地区数6≥5
device_id,DEV00000187,6,0,0.0,跨地区数5≥5
device_id,DEV00000048,10,0,0.0,跨地区数8≥5
device_id,DEV00000190,19,0,0.0,跨地区数9≥5
device_id,DEV00000191,5,0,0.0,跨地区数5≥5
device_id,DEV00000192,7,0,0.0,跨地区数6≥5
device_id,DEV00000194,5,0,0.0,跨地区数5≥5
device_id,DEV00000196,7,0,0.0,跨地区数5≥5
device_id,DEV00000197,9,0,0.0,跨地区数5≥5
device_id,DEV00000198,9,0,0.0,跨地区数8≥5
device_id,DEV00000200,8,0,0.0,跨地区数7≥5
device_id,DEV00000201,8,0,0.0,跨地区数7≥5
device_id,DEV00000202,7,0,0.0,跨地区数7≥5
device_id,DEV00000204,9,0,0.0,跨地区数7≥5
device_id,DEV00000205,10,0,0.0,跨地区数8≥5
device_id,DEV00000206,5,0,0.0,跨地区数5≥5
device_id,DEV00000359,9,0,0.0,跨地区数7≥5
device_id,DEV00000208,8,0,0.0,跨地区数6≥5
device_id,DEV00000209,8,0,0.0,跨地区数6≥5
device_id,DEV00000210,12,0,0.0,跨地区数7≥5
device_id,DEV00000211,10,0,0.0,跨地区数6≥5
device_id,DEV00000212,8,0,0.0,跨地区数5≥5
device_id,DEV00000213,7,0,0.0,跨地区数5≥5
device_id,DEV00000375,6,0,0.0,跨地区数6≥5
device_id,DEV00000216,7,0,0.0,跨地区数5≥5
device_id,DEV00000001,7,0,0.0,跨地区数5≥5
device_id,DEV00000218,8,0,0.0,跨地区数6≥5
device_id,DEV00000219,6,0,0.0,跨地区数6≥5
device_id,DEV00000220,6,0,0.0,跨地区数5≥5
device_id,DEV00000221,7,0,0.0,跨地区数5≥5
device_id,DEV00000222,9,0,0.0,跨地区数7≥5
device_id,DEV00000224,8,0,0.0,跨地区数6≥5
device_id,DEV00000344,6,0,0.0,跨地区数5≥5
device_id,DEV00000227,15,0,0.0,跨地区数8≥5
device_id,DEV00000228,11,0,0.0,跨地区数8≥5
device_id,DEV00000229,7,0,0.0,跨地区数7≥5
device_id,DEV00000230,9,0,0.0,跨地区数6≥5
device_id,DEV00000232,7,0,0.0,跨地区数6≥5
device_id,DEV00000233,10,0,0.0,跨地区数7≥5
device_id,DEV00000345,7,0,0.0,跨地区数7≥5
device_id,DEV00000235,13,0,0.0,跨地区数7≥5
device_id,DEV00000346,12,0,0.0,跨地区数7≥5
device_id,DEV00000237,9,0,0.0,跨地区数5≥5
device_id,DEV00000347,8,0,0.0,跨地区数6≥5
device_id,DEV00000348,10,0,0.0,跨地区数6≥5
device_id,DEV00000240,10,0,0.0,跨地区数7≥5
device_id,DEV00000245,7,0,0.0,跨地区数5≥5
device_id,DEV00000246,11,0,0.0,跨地区数5≥5
device_id,DEV00000247,8,0,0.0,跨地区数6≥5
device_id,DEV00000349,10,0,0.0,跨地区数8≥5
device_id,DEV00000250,10,0,0.0,跨地区数7≥5
device_id,DEV00000251,8,0,0.0,跨地区数5≥5
device_id,DEV00000252,8,0,0.0,跨地区数6≥5
device_id,DEV00000253,11,0,0.0,跨地区数7≥5
device_id,DEV00000254,11,0,0.0,跨地区数7≥5
device_id,DEV00000257,10,0,0.0,跨地区数7≥5
device_id,DEV00000258,7,0,0.0,跨地区数6≥5
device_id,DEV00000350,7,0,0.0,跨地区数5≥5
device_id,DEV00000261,8,0,0.0,跨地区数5≥5
device_id,DEV00000262,8,0,0.0,跨地区数6≥5
device_id,DEV00000265,8,0,0.0,跨地区数6≥5
device_id,DEV00000266,11,0,0.0,跨地区数7≥5
device_id,DEV00000269,13,0,0.0,跨地区数8≥5
device_id,DEV00000270,11,0,0.0,跨地区数7≥5
device_id,DEV00000271,11,0,0.0,跨地区数8≥5
device_id,DEV00000273,11,0,0.0,跨地区数6≥5
device_id,DEV00000274,7,0,0.0,跨地区数5≥5
device_id,DEV00000351,7,0,0.0,跨地区数5≥5
device_id,DEV00000277,6,0,0.0,跨地区数5≥5
device_id,DEV00000278,7,0,0.0,跨地区数5≥5
device_id,DEV00000279,8,0,0.0,跨地区数5≥5
device_id,DEV00000280,9,0,0.0,跨地区数6≥5
device_id,DEV00000281,8,0,0.0,跨地区数6≥5
device_id,DEV00000282,13,0,0.0,跨地区数8≥5
device_id,DEV00000352,10,0,0.0,跨地区数6≥5
device_id,DEV00000284,8,0,0.0,跨地区数5≥5
device_id,DEV00000353,7,0,0.0,跨地区数7≥5
device_id,DEV00000286,7,0,0.0,跨地区数5≥5
device_id,DEV00000287,7,0,0.0,跨地区数5≥5
device_id,DEV00000288,11,0,0.0,跨地区数7≥5
device_id,DEV00000289,13,0,0.0,跨地区数8≥5
device_id,DEV00000292,9,0,0.0,跨地区数5≥5
device_id,DEV00000293,7,0,0.0,跨地区数5≥5
device_id,DEV00000295,11,0,0.0,跨地区数8≥5
device_id,DEV00000296,10,0,0.0,跨地区数5≥5
device_id,DEV00000297,12,0,0.0,跨地区数7≥5
device_id,DEV00000298,6,0,0.0,跨地区数5≥5
device_id,DEV00000299,8,0,0.0,跨地区数5≥5
device_id,DEV00000300,5,0,0.0,跨地区数5≥5
device_id,DEV00000301,8,0,0.0,跨地区数5≥5
device_id,DEV00000302,9,0,0.0,跨地区数6≥5
device_id,DEV00000304,7,0,0.0,跨地区数6≥5
device_id,DEV00000354,10,0,0.0,跨地区数6≥5
device_id,DEV00000307,9,0,0.0,跨地区数5≥5
device_id,DEV00000308,11,0,0.0,跨地区数6≥5
device_id,DEV00000310,10,0,0.0,跨地区数7≥5
device_id,DEV00000311,8,0,0.0,跨地区数6≥5
device_id,DEV00000355,7,0,0.0,跨地区数5≥5
device_id,DEV00000315,9,0,0.0,跨地区数6≥5
device_id,DEV00000316,7,0,0.0,跨地区数5≥5
device_id,DEV00000317,8,0,0.0,跨地区数6≥5
device_id,DEV00000318,6,0,0.0,跨地区数5≥5
device_id,DEV00000320,8,0,0.0,跨地区数6≥5
device_id,DEV00000321,11,0,0.0,跨地区数5≥5
device_id,DEV00000322,8,0,0.0,跨地区数5≥5
device_id,DEV00000324,8,0,0.0,跨地区数5≥5
device_id,DEV00000325,9,0,0.0,跨地区数5≥5
device_id,DEV00000326,9,0,0.0,跨地区数6≥5
device_id,DEV00000356,11,0,0.0,跨地区数7≥5
device_id,DEV00000328,11,0,0.0,跨地区数7≥5
device_id,DEV00000283,9,0,0.0,跨地区数6≥5
device_id,DEV00000330,9,0,0.0,跨地区数5≥5
device_id,DEV00000331,7,0,0.0,跨地区数6≥5
device_id,DEV00000332,15,0,0.0,跨地区数6≥5
device_id,DEV00000333,6,0,0.0,跨地区数5≥5
device_id,DEV00000357,8,0,0.0,跨地区数7≥5
device_id,DEV00000335,7,0,0.0,跨地区数5≥5
device_id,DEV00000358,14,0,0.0,跨地区数8≥5
device_id,DEV00000337,10,0,0.0,跨地区数6≥5
device_id,DEV00000338,8,0,0.0,跨地区数6≥5
device_id,DEV00000340,13,0,0.0,跨地区数8≥5
device_id,DEV00000341,8,0,0.0,跨地区数5≥5
device_id,DEV00000004,9,0,0.0,跨地区数6≥5
device_id,DEV00000023,5,0,0.0,跨地区数5≥5
device_id,DEV00000003,6,0,0.0,跨地区数5≥5
device_id,DEV00000361,9,0,0.0,跨地区数7≥5
device_id,DEV00000363,16,0,0.0,跨地区数9≥5
device_id,DEV00000364,9,0,0.0,跨地区数6≥5
device_id,DEV00000365,8,0,0.0,跨地区数5≥5
device_id,DEV00000366,10,0,0.0,跨地区数7≥5
device_id,DEV00000370,9,0,0.0,跨地区数6≥5
device_id,DEV00000371,12,0,0.0,跨地区数7≥5
device_id,DEV00000372,6,0,0.0,跨地区数5≥5
device_id,DEV00000006,11,0,0.0,跨地区数6≥5
device_id,DEV00000005,13,0,0.0,跨地区数7≥5
device_id,DEV00000008,8,0,0.0,跨地区数7≥5
device_id,DEV00000009,11,0,0.0,跨地区数6≥5
device_id,DEV00000010,7,0,0.0,跨地区数5≥5
device_id,DEV00000012,10,0,0.0,跨地区数6≥5
device_id,DEV00000014,11,0,0.0,跨地区数8≥5
device_id,DEV00000015,9,0,0.0,跨地区数5≥5
device_id,DEV00000016,8,0,0.0,跨地区数5≥5
device_id,DEV00000017,7,0,0.0,跨地区数6≥5
device_id,DEV00000019,7,0,0.0,跨地区数5≥5
device_id,DEV00000020,8,0,0.0,跨地区数7≥5
device_id,DEV00000021,10,0,0.0,跨地区数5≥5
device_id,DEV00000329,8,0,0.0,跨地区数6≥5
province,广东省,323,6,0.018575851393188854,交易频次323≥20; 跨设备数219≥5
province,山东省,287,6,0.020905923344947737,交易频次287≥20; 跨设备数200≥5
province,江苏省,307,6,0.019543973941368076,交易频次307≥20; 跨设备数216≥5
province,河南省,302,6,0.019867549668874173,交易频次302≥20; 跨设备数202≥5
province,四川省,282,5,0.01773049645390071,交易频次282≥20; 跨设备数201≥5
province,湖北省,321,5,0.01557632398753894,交易频次321≥20; 跨设备数220≥5
province,浙江省,296,4,0.013513513513513514,交易频次296≥20; 跨设备数211≥5
province,上海市,289,4,0.01384083044982699,交易频次289≥20; 跨设备数194≥5
province,北京市,311,3,0.00964630225080386,交易频次311≥20; 跨设备数217≥5
province,福建省,282,3,0.010638297872340425,交易频次282≥20; 跨设备数194≥5
city,上海,314,10,0.03184713375796178,交易频次314≥20; 跨地区数10≥5; 跨设备数208≥5
city,深圳,302,8,0.026490066225165563,交易频次302≥20; 跨地区数10≥5; 跨设备数206≥5
city,郑州,313,6,0.019169329073482427,交易频次313≥20; 跨地区数10≥5; 跨设备数214≥5
city,成都,288,6,0.020833333333333332,交易频次288≥20; 跨地区数10≥5; 跨设备数196≥5
city,青岛,323,6,0.018575851393188854,交易频次323≥20; 跨地区数10≥5; 跨设备数209≥5
city,北京,310,4,0.012903225806451613,交易频次310≥20; 跨地区数10≥5; 跨设备数210≥5
city,武汉,293,4,0.013651877133105802,交易频次293≥20; 跨地区数10≥5; 跨设备数202≥5
city,杭州,289,2,0.006920415224913495,交易频次289≥20; 跨地区数10≥5; 跨设备数199≥5
city,南京,269,1,0.0037174721189591076,交易频次269≥20; 跨地区数10≥5; 跨设备数190≥5
city,广州,299,1,0.0033444816053511705,交易频次299≥20; 跨地区数10≥5; 跨设备数208≥5
mcc,5311,340,7,0.020588235294117647,交易频次340≥20; 跨地区数10≥5; 跨设备数233≥5
mcc,4511,314,6,0.01910828025477707,交易频次314≥20; 跨地区数10≥5; 跨设备数205≥5
mcc,5814,269,6,0.022304832713754646,交易频次269≥20; 跨地区数10≥5; 跨设备数187≥5
mcc,5999,264,5,0.01893939393939394,交易频次264≥20; 跨地区数10≥5; 跨设备数180≥5
mcc,5812,302,5,0.016556291390728478,交易频次302≥20; 跨地区数10≥5; 跨设备数210≥5
mcc,5411,299,5,0.016722408026755852,交易频次299≥20; 跨地区数10≥5; 跨设备数208≥5
mcc,5691,288,4,0.013888888888888888,交易频次288≥20; 跨地区数10≥5; 跨设备数206≥5
mcc,5211,302,4,0.013245033112582781,交易频次302≥20; 跨地区数10≥5; 跨设备数207≥5
mcc,4111,324,3,0.009259259259259259,交易频次324≥20; 跨地区数10≥5; 跨设备数211≥5
mcc,5541,298,3,0.010067114093959731,交易频次298≥20; 跨地区数10≥5; 跨设备数197≥5
