txn_id,card_no,cardholder_name,id_card,phone,txn_time,txn_amount,currency,merchant_id,merchant_name,mcc,txn_type,channel,country,province,city,device_id,ip,pos_entry_mode,installment,cashback,risk_score,rule_hit,manual_review,manual_result,auth_code,issuer_bank,acquirer_bank,terminal_id,fraud_label,label_source
T000020242957,622202******4931,吕*博,5111**********3375,181****4513,2024-07-01 02:00:00,290.04,CNY,M284692,屈臣氏,5812,转账,ECOM,中国,河南省,深圳,f558f2eef9667d58,0c883a578ccb7bab,CHIP,12.0,,18,,否,,944170,建设银行,收单行A,TERM629864,0,unknown
T000020242008,622202******4471,尤*民,3983**********1716,136****4895,2024-07-02 02:00:00,296.07,CNY,M739979,滴滴出行,5812,预授权,MOBILE,中国,上海市,北京,2683f612ab81802d,009a35626ac06612,CONTACTLESS,,,16,,否,,162158,交通银行,银联,TERM701854,0,unknown
T000020243143,622202******2071,周*海,5776**********6802,198****9199,2024-07-02 18:00:00,164.06,CNY,M355709,美团外卖,5541,消费,APP,中国,江苏省,广州,52f5fc5267bbde30,f949bbcaf352d389,CONTACTLESS,24.0,,15,,否,,708364,工商银行,收单行A,TERM488781,0,unknown
T000020242312,622202******0024,华*鹏,4280**********7418,193****6367,2024-07-02 20:00:00,887.89,CNY,M110644,微信支付,5999,消费,QR,中国,广东省,上海,3a30c525c4093dac,502418e9384ad1b2,MANUAL,,,25,,否,,458952,浦发银行,银联,TERM706197,1,chargeback
T000020240804,622202******4265,赵*俊,4984**********1153,158****5277,2024-07-04 13:00:00,48.6,CNY,M110644,支付宝,5999,取现,POS,中国,上海市,青岛,fed03ea837dc2281,b9045222d52d2e4a,MANUAL,12.0,1.2,5,,否,,838247,中国银行,收单行A,TERM305611,0,unknown
T000020240740,622202******9457,冯*林,5353**********6339,197****3144,2024-07-05 00:00:00,184.02,CNY,M110644,微信支付,5211,消费,QR,中国,四川省,武汉,8863940fb76f817c,0256b920faebcdde,MAG,,,18,,否,,502460,建设银行,收单行C,TERM318353,1,chargeback
T000020243170,622202******6976,金*浩,2288**********9703,193****9575,2024-07-05 20:00:00,162.39,CNY,M647091,肯德基,5541,消费,ECOM,中国,河南省,上海,34d3ea74f95a4eb1,988058b36f022535,CHIP,,0.05,2,R002,否,,656952,交通银行,银联,TERM334702,2,rule
T000020241107,622202******2273,沈*平,6410**********2055,136****5263,2024-07-06 12:00:00,619.66,CNY,M284692,沃尔玛,5812,预授权,MOBILE,中国,北京市,成都,49cd58ee9ecca77e,2c2fa16f8e7caf57,ECOM,,,28,R002,否,,355465,交通银行,收单行C,TERM253624,2,rule
T000020241750,622202******0228,孔*林,3484**********2744,177****0703,2024-07-06 13:00:00,230.6,CNY,M389688,支付宝,4111,消费,APP,中国,北京市,武汉,35db2a3b29e953e1,d0220df0935b227f,CONTACTLESS,3.0,,14,,否,,786179,中信银行,收单行B,TERM553004,0,unknown
T000020241134,622202******9079,严*博,6055**********3058,133****8848,2024-07-06 15:00:00,229.96,CNY,M782054,微信支付,4111,消费,QR,中国,北京市,郑州,ccfa38a9b635fb06,8c5ae9537d158369,CHIP,,,9,,否,,694095,工商银行,收单行A,TERM248305,1,chargeback
T000020241051,622202******9868,朱*健,2899**********6572,189****7230,2024-07-07 13:00:00,1763.02,CNY,M936587,沃尔玛,5691,消费,ECOM,中国,河南省,深圳,93e2d1c2a435882e,e445e704b099394e,ECOM,,45.42,6,,否,,669913,交通银行,银联,TERM130573,0,unknown
T000020240933,622202******7962,陶*超,5083**********6609,154****7242,2024-07-08 01:00:00,132.81,CNY,M835244,饿了么,4111,消费,QR,中国,河南省,成都,39bda7a9da9c46a9,586c3540e1afe8db,MANUAL,,,16,,否,,112793,中国银行,收单行B,TERM481220,0,unknown
T000020243488,622202******6617,杨*辉,6131**********5704,131****4804,2024-07-08 10:00:00,41.63,CNY,M971084,海澜之家,5541,消费,POS,中国,上海市,成都,0802c50d013a880b,afe3b5724df720b2,CHIP,,,26,,否,,989913,中信银行,收单行C,TERM223558,1,chargeback
T000020240871,622202******6931,郑*健,3194**********7126,135****3215,2024-07-08 15:00:00,960.75,CNY,M572700,天猫超市,5211,消费,APP,中国,上海市,郑州,f2c42416d3bb9bdb,1885d87c3ec85f82,ECOM,,8.64,19,,否,,438355,浦发银行,收单行B,TERM475122,1,chargeback
T000020240852,622202******0441,赵*勇,4648**********4314,156****2872,2024-07-08 17:00:00,139.03,CNY,M290672,肯德基,5814,消费,QR,中国,上海市,成都,2f348415764316b5,2896d16cdea08f4c,CHIP,,3.78,0,,否,,122238,工商银行,收单行A,TERM671098,0,unknown
T000020242803,622202******6971,蒋*龙,2486**********5254,178****1788,2024-07-09 12:00:00,96.45,CNY,M587282,星巴克,5541,消费,POS,中国,湖北省,南京,718d649096906ae6,7385cbe1da136ae4,MAG,,,25,,否,,172750,农业银行,收单行B,TERM534041,0,unknown
T000020241280,622202******6361,蒋*阳,4551**********3554,133****0984,2024-07-09 20:00:00,323.52,USD,M894993,拼多多,5311,预授权,APP,中国,上海市,成都,5237f41be87b590d,7bc46538291630fb,ECOM,,,24,,否,,500721,工商银行,收单行A,TERM439660,1,chargeback
T000020242573,622202******1744,卫*林,6448**********5102,135****2059,2024-07-10 14:00:00,327.39,CNY,M855053,微信支付,5541,消费,APP,中国,福建省,郑州,bea8ffc9df9fa4b7,b6c841aba5a36f46,MANUAL,3.0,10.13,24,,否,,893780,浦发银行,银联,TERM456209,0,unknown
T000020241775,622202******7800,沈*凯,2760**********6406,173****8912,2024-07-12 03:00:00,1061.07,CNY,M965845,肯德基,4511,消费,MOBILE,中国,江苏省,青岛,2eb81dcaed27424f,49183e2070b18da1,ECOM,,,14,,否,,513741,中信银行,银联,TERM717803,0,unknown
T000020242113,622202******3333,许*泽,4255**********5489,174****0049,2024-07-12 06:00:00,33.78,CNY,M739979,肯德基,5211,消费,APP,中国,浙江省,北京,9bb865bdc372dc0c,e82920967ba76708,CONTACTLESS,,0.98,5,,否,,977020,工商银行,收单行A,TERM195878,1,chargeback
T000020240681,622202******2787,赵*民,2916**********4666,177****4271,2024-07-12 07:00:00,464.59,CNY,M664315,微信支付,4111,消费,ECOM,中国,福建省,广州,b9e7365637c3dd1a,a24eb1a0728186d3,CONTACTLESS,,,21,,否,,645928,浦发银行,收单行A,TERM107704,0,unknown
T000020240944,622202******8167,冯*晨,1508**********5801,177****4664,2024-07-12 16:00:00,91.4,CNY,M556732,携程旅行,5311,消费,QR,中国,上海市,成都,117aade4c1263c3d,b216d0ed11384868,CHIP,3.0,0.93,4,,否,,523262,交通银行,收单行C,TERM752123,0,unknown
T000020241527,622202******4383,王*海,3011**********2554,157****7106,2024-07-12 21:00:00,428.98,CNY,M389688,去哪儿,5691,取现,QR,中国,山东省,北京,8863940fb76f817c,512adfd11e52082e,CHIP,,,22,,否,,360529,中信银行,银联,TERM624863,0,unknown
T000020241944,622202******7357,蒋*凯,4203**********6282,133****1052,2024-07-12 22:00:00,13.55,CNY,M886931,滴滴出行,5541,预授权,QR,中国,山东省,武汉,a95b40d2529e255e,ac30e3ac5d223d36,CHIP,,,17,,否,,832019,浦发银行,银联,TERM443414,0,unknown
T000020241386,622202******8066,陶*兵,1225**********8434,136****0555,2024-07-12 23:00:00,137.57,CNY,M682789,拼多多,5691,取现,POS,中国,四川省,上海,146c7877d541b965,ffbcc32f5734a28c,MANUAL,,,20,,否,,700969,招商银行,收单行A,TERM235863,0,unknown
T000020243407,622202******5473,沈*鹏,4633**********8641,176****9551,2024-07-13 06:00:00,53.58,CNY,M641722,支付宝,5411,取现,POS,中国,四川省,青岛,bea8ffc9df9fa4b7,d6e5b6b59db4fc84,MAG,,,5,,否,,849224,中国银行,收单行B,TERM521682,0,unknown
T000020243461,622202******6634,陶*博,5013**********5720,178****8779,2024-07-13 08:00:00,1343.68,CNY,M284692,星巴克,5814,消费,MOBILE,中国,上海市,杭州,117aade4c1263c3d,7dd3e00a4f2d8882,ECOM,,,7,,否,,596956,交通银行,收单行B,TERM976092,1,chargeback
T000020242292,622202******4351,卫*龙,2669**********3520,176****3771,2024-07-13 23:00:00,135.48,CNY,M993085,星巴克,5812,消费,ECOM,中国,山东省,广州,8863940fb76f817c,f44e20960e5bb50b,MAG,3.0,2.25,2,,否,,502200,招商银行,收单行A,TERM997415,0,unknown
T000020241342,622202******6617,严*东,3560**********6055,132****6941,2024-07-15 08:00:00,314.01,CNY,M437960,美团外卖,4111,消费,ECOM,中国,广东省,深圳,79ff20a54e73cdd2,008393b1a9f9e161,ECOM,6.0,10.51,1,,否,,800609,工商银行,收单行B,TERM826796,0,unknown
T000020242516,622202******9481,秦*俊,3374**********3733,139****0919,2024-07-15 13:00:00,287.42,CNY,M456871,屈臣氏,5211,消费,MOBILE,中国,河南省,青岛,25d93a28322d90b2,ff5c18fcf6d61a17,ECOM,,1.14,13,,否,,495736,农业银行,收单行A,TERM192070,0,unknown
T000020243557,622202******1152,张*峰,2744**********9992,189****6694,2024-07-15 22:00:00,288.59,CNY,M322423,京东商城,5311,预授权,APP,中国,北京市,杭州,9469c4521c54c545,50383d7c61217e1c,MAG,,2.63,24,,否,,403658,建设银行,收单行B,TERM889599,1,chargeback
T000020241458,622202******2817,沈*凯,3713**********2816,153****9229,2024-07-16 21:00:00,157.67,CNY,M841666,海澜之家,4111,消费,ECOM,中国,上海市,郑州,d700aaac0a46a1a9,240c1bf9c461fddc,CONTACTLESS,,,22,,否,,173301,交通银行,银联,TERM681314,1,chargeback
T000020242497,622202******8586,蒋*国,3209**********8528,152****5654,2024-07-17 10:00:00,125.1,CNY,M886931,京东商城,5999,消费,POS,中国,福建省,北京,bfc680feb53d786b,1f9ae79dce141e10,MAG,,5.46,9,,否,,871659,招商银行,收单行B,TERM627306,0,unknown
T000020241441,622202******9309,孙*峰,3307**********2603,186****2687,2024-07-18 07:00:00,144.27,CNY,M587282,美团外卖,5541,消费,QR,中国,河南省,广州,2df5d93aa8bc68ed,71a108e3ddd12e64,ECOM,,,9,,否,,264335,农业银行,收单行B,TERM306958,1,chargeback
T000020243044,622202******4018,陶*健,6240**********6224,172****9499,2024-07-18 09:00:00,129.65,CNY,M381433,沃尔玛,5211,转账,ECOM,中国,四川省,深圳,8d6f9c80d1ecdf50,d5e0147092c35836,CHIP,,,27,,否,,218841,建设银行,收单行C,TERM381143,0,unknown
T000020241718,622202******4844,陈*阳,3974**********8280,175****7254,2024-07-19 21:00:00,223.68,CNY,M869440,拼多多,4511,消费,APP,中国,湖北省,广州,f65ba79519a29378,1d11467fe4aa8d58,MANUAL,,,2,,否,,989552,中国银行,收单行B,TERM865954,0,unknown
T000020240712,622202******0342,张*勇,3802**********7746,134****0538,2024-07-20 19:00:00,840.64,CNY,M618317,沃尔玛,5541,消费,QR,中国,福建省,北京,b7a8383324207b75,bb7e7a5914c8fb6e,CONTACTLESS,,,11,,否,,872303,中信银行,收单行A,TERM499581,0,unknown
T000020240819,622202******8066,孙*华,1867**********7244,179****5698,2024-07-20 23:00:00,254.94,CNY,M682144,去哪儿,5311,消费,APP,中国,山东省,成都,2a90f569d360221c,cb3ab0551d0b837c,MAG,,,6,,否,,608306,中信银行,收单行A,TERM186558,1,chargeback
T000020242361,622202******1692,钱*飞,5791**********3729,196****8390,2024-07-21 04:00:00,1182.6,CNY,M456871,携程旅行,5541,消费,ECOM,中国,湖北省,武汉,343a8c3c3c05fa84,d3077676d57940aa,ECOM,12.0,,14,,否,,140916,建设银行,收单行C,TERM799990,0,unknown
T000020242881,622202******0342,尤*民,5825**********7736,199****0672,2024-07-22 02:00:00,390.68,CNY,M855053,屈臣氏,5999,消费,POS,中国,广东省,成都,ae575501a7ee92fd,1adaddd4829a4545,CONTACTLESS,,6.34,16,,否,,432309,工商银行,收单行C,TERM421357,1,chargeback
T000020243075,622202******6327,陶*勇,3851**********1356,192****7713,2024-07-22 17:00:00,254.83,CNY,M855053,微信支付,4511,消费,MOBILE,中国,江苏省,深圳,541903ff00c474cd,2e5b064cc8d46d13,CHIP,6.0,9.8,15,,否,,261924,中信银行,收单行A,TERM436415,1,chargeback
T000020242221,622202******9200,孙*民,3554**********2343,189****4733,2024-07-22 23:00:00,114.97,CNY,M260422,海澜之家,5311,消费,MOBILE,中国,四川省,青岛,88d249ea520c2096,e196cf67491d7702,ECOM,,,12,,否,,597626,工商银行,收单行C,TERM339976,1,chargeback
T000020242026,622202******7136,韩*辉,2207**********8330,177****1858,2024-07-23 15:00:00,926.35,CNY,M947458,微信支付,5311,消费,MOBILE,中国,河南省,郑州,56b609d2a70c90bf,d0c4202cee16fb52,MANUAL,,,97,"R002,R003",是,确认欺诈,954477,中信银行,银联,TERM406243,1,chargeback
T000020243085,622202******3633,赵*民,1801**********5191,189****0759,2024-07-23 19:00:00,125.62,CNY,M497399,微信支付,5812,消费,QR,中国,广东省,郑州,0add34e380975b10,59223d19889b0c33,ECOM,,3.57,15,,否,,630724,中国银行,收单行A,TERM599800,0,unknown
T000020242033,622202******7119,尤*辉,2905**********5076,179****8950,2024-07-23 20:00:00,95.74,CNY,M472060,滴滴出行,5541,消费,POS,中国,北京市,广州,2ecbdc189cea40b2,2c0736c41278b321,MAG,3.0,,18,,否,,869947,浦发银行,收单行C,TERM907786,0,unknown
T000020240873,622202******6735,魏*民,5323**********9642,134****9610,2024-07-24 01:00:00,70.68,CNY,M587282,拼多多,5691,消费,MOBILE,中国,广东省,郑州,27bcefe449023f7c,fdb4b568e92abaa1,CONTACTLESS,3.0,,29,,否,,683480,交通银行,银联,TERM742064,0,unknown
T000020243560,622202******8899,李*泽,5948**********3642,174****9718,2024-07-24 13:00:00,2872.57,CNY,M835244,微信支付,4511,消费,ECOM,中国,北京市,武汉,a8aa6292076d175e,171546e296fca27e,ECOM,,,7,,否,,212038,招商银行,收单行C,TERM676313,1,chargeback
T000020241811,622202******6829,金*晨,3487**********5894,184****3446,2024-07-24 14:00:00,159.54,CNY,M993085,拼多多,4511,消费,MOBILE,中国,广东省,武汉,b9e7365637c3dd1a,bb69a8126c761bbd,CONTACTLESS,,6.4,2,,否,,940718,工商银行,收单行A,TERM279862,0,unknown
T000020240769,622202******1692,郑*浩,5080**********9425,155****3515,2024-07-24 17:00:00,969.48,CNY,M389688,中国石油,5812,消费,ECOM,中国,北京市,青岛,3a30c525c4093dac,c479355089ba1b99,CONTACTLESS,3.0,,21,,否,,142581,建设银行,收单行C,TERM617695,0,unknown
T000020242858,622202******9349,严*兵,5777**********7999,199****2497,2024-07-25 00:00:00,463.67,CNY,M290672,京东商城,5411,消费,MOBILE,中国,上海市,上海,e47d1485ad128172,513ce88664e77628,CHIP,,,24,,否,,620183,浦发银行,收单行C,TERM802979,0,unknown
T000020243423,622202******4930,赵*国,3558**********5207,136****4378,2024-07-25 03:00:00,1111.18,CNY,M110644,拼多多,5999,消费,POS,中国,浙江省,郑州,c5c5e437d89e0561,67fe485a3b2b0ea0,MAG,,,16,,否,,644613,浦发银行,收单行A,TERM378336,0,unknown
T000020242693,622202******7639,王*泽,4395**********8079,172****6273,2024-07-25 05:00:00,11.16,CNY,M647091,海澜之家,4111,消费,MOBILE,中国,江苏省,青岛,9724d15f0f664179,d480be45e238ce82,ECOM,,0.39,6,,否,,797734,交通银行,银联,TERM972782,1,chargeback
T000020243224,622202******2431,王*华,4895**********8977,158****9228,2024-07-26 04:00:00,1080.15,CNY,M260422,屈臣氏,4111,消费,MOBILE,中国,北京市,深圳,081638db1fd9a3b3,25cf6c1df2cd32f3,ECOM,,,23,,否,,282665,建设银行,银联,TERM275943,0,unknown
T000020243215,622202******4471,褚*阳,3975**********9352,199****9289,2024-07-27 07:00:00,891.14,CNY,M835244,滴滴出行,5411,消费,QR,中国,福建省,北京,a4b533c40953753a,f61087e9a56e6831,ECOM,,,27,,否,,831213,交通银行,收单行A,TERM985622,0,unknown
T000020241665,622202******2585,秦*杰,2934**********6596,181****4476,2024-07-28 01:00:00,41.11,CNY,M971084,星巴克,4111,消费,ECOM,中国,河南省,郑州,b7a8383324207b75,6bda26226c9420a0,CONTACTLESS,,1.53,5,,否,,431722,中国银行,银联,TERM473711,0,unknown
T000020241337,622202******7239,严*林,5377**********3755,195****3208,2024-07-28 07:00:00,81.12,CNY,M452737,中国石化,5999,消费,APP,中国,上海市,青岛,f558f2eef9667d58,759eaad4f977720e,MANUAL,,,10,,否,,328504,中信银行,收单行A,TERM192987,0,unknown
T000020242188,622202******3431,魏*华,3629**********5183,187****2020,2024-07-28 11:00:00,174.86,CNY,M835244,天猫超市,5691,消费,APP,中国,广东省,南京,9f74db4665811f35,a46f30e5a843770f,ECOM,,,19,,否,,771681,中国银行,收单行B,TERM642110,0,unknown
T000020243534,622202******0421,施*泽,4043**********7357,132****7704,2024-07-28 14:00:00,157.99,CNY,M353080,天猫超市,5812,消费,APP,中国,四川省,武汉,636ab8d126706a25,42d4a87ef0c24c2d,CONTACTLESS,12.0,,15,,否,,328012,浦发银行,收单行C,TERM147795,0,unknown
T000020241023,622202******8503,王*民,1521**********1762,138****2606,2024-07-28 15:00:00,198.9,CNY,M440802,去哪儿,4111,消费,MOBILE,中国,湖北省,郑州,750b234c307dac89,4f90b4fcd2f44a92,CHIP,6.0,1.06,95,R003,否,,316356,中信银行,收单行B,TERM254127,2,rule
T000020242721,622202******3008,周*阳,3559**********7112,137****0371,2024-07-29 00:00:00,640.41,CNY,M947458,中国石化,5999,取现,ECOM,中国,北京市,广州,1c12aaf9683ff860,de745eccf5cf73dc,MAG,,,12,,否,,521336,工商银行,收单行A,TERM575488,0,unknown
T000020243018,622202******4898,施*博,2348**********3708,178****5942,2024-07-30 03:00:00,456.65,CNY,M587455,中国石化,5691,消费,MOBILE,中国,四川省,南京,01814a11668d86d9,ce164da28d91a34f,ECOM,,10.41,24,,否,,236078,农业银行,收单行B,TERM821225,0,unknown
T000020242242,622202******2846,吴*博,3552**********1136,189****8465,2024-07-30 16:00:00,352.99,CNY,M587282,京东商城,5691,消费,QR,中国,湖北省,杭州,c976ae9e31610d17,9dbca754563cb485,ECOM,,,6,,否,,156803,农业银行,收单行B,TERM269466,0,unknown
T000020243231,622202******8483,韩*凯,2656**********1839,172****9270,2024-07-31 07:00:00,190.43,CNY,M992288,拼多多,5812,消费,MOBILE,中国,广东省,武汉,750b234c307dac89,23bd79d424501293,ECOM,,,16,,否,,470736,招商银行,收单行B,TERM477269,1,chargeback
T000020241062,622202******2079,韩*俊,5724**********3452,132****3571,2024-08-02 01:00:00,136.72,CNY,M370902,海澜之家,5814,消费,MOBILE,中国,上海市,杭州,f90aa51aaa6c7b46,36353de37fc3fe95,MAG,6.0,3.71,15,,否,,956011,建设银行,收单行B,TERM299673,0,unknown
T000020243331,622202******3178,褚*俊,2212**********8897,189****8780,2024-08-02 17:00:00,129.15,CNY,M721254,中国石油,5211,消费,APP,中国,四川省,成都,fcfc16ca721731c5,049c4ad39ebb6156,ECOM,6.0,1.73,5,,否,,662591,中国银行,收单行B,TERM325267,1,chargeback
T000020242775,622202******6735,秦*亮,1931**********7902,136****4428,2024-08-02 21:00:00,89.7,CNY,M110644,星巴克,5211,消费,QR,中国,四川省,武汉,a488955c42b20521,997b8d0f5e85c6fb,CONTACTLESS,,,9,,否,,444355,工商银行,收单行A,TERM765734,1,chargeback
T000020240941,622202******8586,尤*海,5188**********4690,175****8441,2024-08-03 07:00:00,2255.61,CNY,M472060,滴滴出行,4511,消费,ECOM,中国,四川省,上海,d601c58add57bb56,2e38a10296a633da,MAG,3.0,,12,,否,,471872,农业银行,收单行B,TERM910540,0,unknown
T000020241873,622202******0983,施*民,6395**********7086,189****4911,2024-08-03 08:00:00,56.77,CNY,M965845,肯德基,5211,消费,ECOM,中国,江苏省,广州,d68cf203418635eb,5a714fc70911cf73,ECOM,3.0,0.08,22,,否,,815169,交通银行,收单行A,TERM665703,0,unknown
T000020243061,622202******2688,李*鹏,6179**********8818,138****3725,2024-08-03 18:00:00,105.34,CNY,M353080,优衣库,5411,消费,MOBILE,中国,山东省,武汉,6c989f00683311bd,20bcac7c0233f318,CONTACTLESS,3.0,,25,,否,,983887,工商银行,收单行A,TERM780928,1,chargeback
T000020243180,622202******3217,王*平,2805**********5401,176****2798,2024-08-05 11:00:00,117.17,CNY,M437960,饿了么,4111,消费,APP,中国,福建省,深圳,1224057b620760dc,4b0885114fc8281e,MANUAL,,,16,,否,,857849,招商银行,银联,TERM192243,0,unknown
T000020242522,622202******3217,孙*国,4573**********1201,186****6585,2024-08-05 21:00:00,14.35,CNY,M300337,屈臣氏,5541,消费,POS,中国,浙江省,北京,d6200f242c91feba,3d61b4f519fd46dc,CHIP,,,15,,否,,417566,浦发银行,收单行C,TERM912712,0,unknown
T000020243426,622202******8487,赵*泽,2767**********4989,174****5422,2024-08-06 20:00:00,245.95,CNY,M841666,拼多多,5814,消费,APP,中国,山东省,深圳,29b78d984c69ca23,99b4dfe416cb3f1c,CHIP,,8.2,4,,否,,509212,工商银行,银联,TERM826514,0,unknown
T000020241025,622202******5158,陶*俊,2499**********8961,183****2974,2024-08-07 01:00:00,418.01,CNY,M869440,屈臣氏,5211,消费,MOBILE,中国,福建省,武汉,133db7492d5edd82,837b9278e60a8585,CONTACTLESS,,,5,,否,,385015,招商银行,银联,TERM121285,1,chargeback
T000020242699,622202******0509,陶*晨,1202**********4784,172****1034,2024-08-07 03:00:00,289.71,CNY,M556641,海澜之家,4111,消费,POS,中国,北京市,成都,0bd5311140212c9b,592e29fe238edf53,ECOM,,,25,,否,,641139,招商银行,银联,TERM165364,0,unknown
T000020241840,622202******5390,钱*阳,2772**********1928,192****3323,2024-08-07 14:00:00,103.36,CNY,M993085,麦当劳,4111,消费,ECOM,中国,湖北省,杭州,8ac25b4be022b64e,eb6f45e2d39a3b83,CHIP,,0.31,19,,否,,548677,工商银行,收单行B,TERM281886,0,unknown
T000020243147,622202******7574,孙*林,6223**********9777,172****9658,2024-08-07 21:00:00,42.6,CNY,M912270,中国石化,5411,消费,MOBILE,中国,湖北省,深圳,8bd32dfcb5b128ad,5ba39c0a894d1dd9,CONTACTLESS,3.0,,6,,否,,687530,工商银行,收单行A,TERM214498,0,unknown
T000020242831,622202******6361,孔*兵,1802**********1818,137****8844,2024-08-08 01:00:00,2826.29,CNY,M456871,京东商城,5691,消费,APP,中国,河南省,广州,93e2d1c2a435882e,7992691842b6856d,ECOM,12.0,,12,,否,,229988,招商银行,收单行A,TERM743519,0,unknown
T000020243598,622202******1119,沈*俊,1194**********2646,132****2567,2024-08-08 13:00:00,114.91,CNY,M353080,华润万家,5541,取现,POS,中国,浙江省,武汉,f2898c989d7f8759,b53996397786f703,MAG,,3.17,4,,否,,100472,招商银行,收单行B,TERM886265,0,unknown
T000020243390,622202******7492,许*俊,2103**********1587,199****3419,2024-08-08 20:00:00,179.75,CNY,M841666,肯德基,5999,消费,ECOM,中国,山东省,上海,9724d15f0f664179,562572716e917b97,CONTACTLESS,,,6,,否,,248376,农业银行,收单行C,TERM939454,0,unknown
T000020241039,622202******5017,郑*晨,5451**********3095,196****0855,2024-08-09 13:00:00,713.79,CNY,M697530,滴滴出行,5311,消费,APP,中国,河南省,成都,bfa6f432854cdcab,3e2325dcefe58915,CONTACTLESS,6.0,,18,,否,,859984,浦发银行,收单行A,TERM751226,1,chargeback
T000020240660,622202******6023,魏*国,5270**********4470,183****9233,2024-08-09 20:00:00,970.56,CNY,M322423,微信支付,5999,消费,APP,中国,上海市,成都,8bd32dfcb5b128ad,75ae0d3b81b10a34,CONTACTLESS,6.0,,23,R004,否,,148174,建设银行,银联,TERM117072,0,unknown
T000020240877,622202******3857,华*鹏,3086**********5520,197****2470,2024-08-10 20:00:00,132.6,CNY,M647091,麦当劳,5812,消费,ECOM,中国,四川省,成都,0bd5311140212c9b,b68fe980535e8b17,CHIP,,1.76,12,,否,,169045,建设银行,收单行C,TERM337465,0,unknown
T000020242566,622202******4471,杨*国,4160**********2544,173****2237,2024-08-11 00:00:00,733.51,CNY,M472060,海澜之家,5411,消费,APP,中国,山东省,郑州,e86a6169674eef9e,d50046a817ffa7dc,MANUAL,,,12,,否,,672352,建设银行,收单行B,TERM966729,0,unknown
T000020242959,622202******7338,孙*辉,3073**********3440,199****8390,2024-08-11 07:00:00,140.15,CNY,M912270,海澜之家,5411,消费,POS,中国,河南省,南京,8bd32dfcb5b128ad,044932f522ea0cfd,ECOM,,0.38,3,,否,,239278,建设银行,银联,TERM586230,0,unknown
T000020242126,622202******9419,陶*健,6254**********7158,186****1577,2024-08-11 14:00:00,14.59,CNY,M912270,携程旅行,4111,取现,ECOM,中国,北京市,广州,745926423d474c6e,ad197eb8dd0105f7,MANUAL,,,29,,否,,632982,工商银行,银联,TERM562744,1,chargeback
T000020241545,622202******0983,严*海,1319**********8750,138****2413,2024-08-12 11:00:00,2652.24,CNY,M190872,沃尔玛,4511,消费,APP,中国,广东省,深圳,36e684472d11e27e,f9a7b8c398a89753,CONTACTLESS,12.0,,26,,否,,303151,工商银行,收单行C,TERM106542,0,unknown
T000020243362,622202******8563,周*民,3561**********9983,158****2385,2024-08-13 04:00:00,556.78,CNY,M965845,去哪儿,5812,预授权,POS,中国,广东省,杭州,455665e303e8fede,cbab036f06b45a6d,MANUAL,3.0,11.05,23,,否,,315518,建设银行,收单行C,TERM132763,1,chargeback
T000020241801,622202******5537,李*鹏,3205**********6003,192****8970,2024-08-13 12:00:00,59.45,CNY,M472060,优衣库,5541,消费,APP,中国,江苏省,成都,9bb865bdc372dc0c,54e26da5428bd392,CHIP,3.0,1.27,17,,否,,399230,浦发银行,收单行A,TERM713911,1,chargeback
T000020242256,622202******3370,曹*亮,4991**********3170,155****5245,2024-08-13 15:00:00,461.15,CNY,M472060,肯德基,5211,消费,APP,中国,湖北省,上海,9f28cd723241ccc9,3bf9526cd981613a,MANUAL,,,23,,否,,664294,工商银行,银联,TERM398738,0,unknown
T000020243126,622202******2839,陶*海,3582**********7261,137****6121,2024-08-13 19:00:00,1243.68,CNY,M745830,屈臣氏,4511,转账,APP,中国,上海市,成都,ae86643f090a1748,6275f95980793dec,CHIP,,,29,,否,,604983,工商银行,收单行B,TERM164124,0,unknown
T000020243037,622202******9200,赵*飞,2724**********4503,171****8378,2024-08-14 13:00:00,8.31,CNY,M641722,支付宝,5814,转账,POS,中国,北京市,成都,2f7b9d6355b1cbcc,33d6351cd99afdd8,CONTACTLESS,,,2,,否,,918864,招商银行,收单行C,TERM343586,0,unknown
T000020242445,622202******6973,华*龙,6422**********1276,196****7836,2024-08-14 16:00:00,83.0,CNY,M611233,中国石化,5691,消费,POS,中国,浙江省,北京,adf5653c5ad40595,6016d393c8816a2d,CONTACTLESS,,,27,,否,,485060,中信银行,收单行C,TERM280304,0,unknown
T000020241517,622202******2302,韩*飞,2094**********6538,194****3879,2024-08-14 20:00:00,278.51,USD,M866536,屈臣氏,5999,取现,POS,中国,广东省,上海,262872c306006990,d22970831ecd1b9e,ECOM,,,17,,否,,306919,建设银行,收单行B,TERM900128,0,unknown
T000020240619,622202******9350,韩*晨,2862**********2868,196****6857,2024-08-15 05:00:00,359.36,CNY,M641722,中国石化,5999,消费,MOBILE,中国,福建省,武汉,ad95f7e9774c77f1,aa24479b444ba79e,MAG,,2.75,10,,否,,896028,建设银行,收单行B,TERM910389,0,unknown
T000020242748,622202******7213,魏*海,6198**********5256,171****3431,2024-08-15 12:00:00,164.15,CNY,M855053,屈臣氏,5211,消费,POS,中国,浙江省,郑州,7575f2a478a8b2e3,65838bd3d6bdd8dc,CONTACTLESS,12.0,,26,,否,,718122,招商银行,收单行B,TERM743141,0,unknown
T000020242635,622202******4383,金*泽,5126**********1086,132****9398,2024-08-15 13:00:00,51.14,CNY,M556732,微信支付,5691,消费,QR,中国,江苏省,成都,1224057b620760dc,7106ca29e4fd6a6d,ECOM,6.0,,0,,否,,461134,浦发银行,收单行A,TERM565304,1,chargeback
T000020242687,622202******4018,陶*泽,1652**********4301,131****8750,2024-08-16 07:00:00,88.72,CNY,M290672,麦当劳,5691,消费,MOBILE,中国,北京市,广州,9b1ed13f3da96428,c49fc790735617fb,MANUAL,,1.04,22,,否,,127421,建设银行,银联,TERM181376,0,unknown
T000020242546,622202******9565,华*东,2945**********6549,172****5934,2024-08-16 12:00:00,349.05,CNY,M682144,肯德基,5411,转账,QR,中国,山东省,北京,7c9d3541fc0c5aef,513e303e472af203,ECOM,,,18,,否,,180432,工商银行,收单行A,TERM344574,1,chargeback
T000020240908,622202******6063,何*阳,1345**********8518,152****9747,2024-08-16 15:00:00,2543.98,CNY,M725113,华润万家,5691,消费,POS,中国,湖北省,北京,26307a64ee2b0eb7,c52d4d7b24ecdb0a,MANUAL,,,9,,否,,837022,中国银行,银联,TERM118048,0,unknown
T000020241090,622202******5194,蒋*林,2567**********8331,179****3766,2024-08-17 03:00:00,379.98,CNY,M641722,优衣库,4511,消费,POS,中国,江苏省,北京,6e797405f1461b42,a29db838c10b2548,MAG,,12.19,27,,否,,878317,农业银行,银联,TERM277965,0,unknown
T000020242960,622202******4471,蒋*林,2837**********9893,189****3358,2024-08-17 17:00:00,211.27,CNY,M472060,京东商城,4111,消费,QR,中国,北京市,青岛,4d066db9432a9bf6,46591af28e4f997a,CHIP,,3.89,8,,否,,442291,浦发银行,收单行C,TERM231739,0,unknown
T000020242377,622202******1803,钱*飞,1924**********6524,186****0310,2024-08-18 19:00:00,31.01,CNY,M526170,携程旅行,4511,消费,APP,中国,湖北省,南京,06d3eb56a24b0453,033527ce8e7ae5de,CONTACTLESS,12.0,0.5,14,,否,,146570,浦发银行,收单行C,TERM325735,0,unknown
T000020242441,622202******8825,杨*辉,3609**********2448,151****7049,2024-08-19 16:00:00,102.84,CNY,M110644,中国石油,5691,消费,POS,中国,上海市,南京,c41045d5ac7ee946,dfb0ec64613ac5d0,ECOM,,,3,,否,,296033,中信银行,收单行B,TERM926263,0,unknown
T000020243062,622202******6976,尤*国,5799**********9114,193****8544,2024-08-20 00:00:00,284.36,CNY,M835244,优衣库,5311,消费,ECOM,中国,河南省,深圳,d5f82d9e254e82b4,58f035838c83bff3,MANUAL,,,10,,否,,933240,农业银行,银联,TERM353665,0,unknown
T000020240786,622202******8607,曹*亮,2716**********9042,188****5099,2024-08-20 03:00:00,23.68,CNY,M835244,微信支付,4511,消费,APP,中国,上海市,青岛,967b12c7155500c4,406bf8717639a025,MAG,,,12,,否,,599583,招商银行,银联,TERM194604,0,unknown
T000020241831,622202******6063,姜*辉,3445**********9262,139****1428,2024-08-20 04:00:00,571.46,CNY,M381433,海澜之家,4111,消费,ECOM,中国,江苏省,杭州,755cb7791cfbd902,78b5d9760a9d30a8,MANUAL,,,15,,否,,637514,招商银行,收单行B,TERM222940,1,chargeback
T000020241927,622202******1678,金*飞,2081**********8134,184****4664,2024-08-20 15:00:00,168.28,CNY,M440802,天猫超市,4111,消费,POS,中国,上海市,青岛,88d249ea520c2096,9cd77db119de1601,MAG,3.0,6.89,2,,否,,471631,农业银行,收单行B,TERM750950,0,unknown
T000020243319,622202******9593,何*华,2590**********7215,177****9374,2024-08-21 03:00:00,133.79,CNY,M971084,滴滴出行,5211,预授权,MOBILE,中国,上海市,上海,750b234c307dac89,e8758006e5de7597,ECOM,,,22,,否,,919083,交通银行,收单行C,TERM572290,0,unknown
T000020242603,622202******4140,褚*晨,4973**********1226,155****7245,2024-08-21 12:00:00,97.43,CNY,M606983,天猫超市,4511,消费,QR,中国,上海市,北京,39bda7a9da9c46a9,0fc0fc16f06d8b12,CONTACTLESS,,3.01,2,,否,,575790,交通银行,收单行C,TERM427376,0,unknown
T000020241869,622202******8563,姜*杰,2993**********7039,153****9998,2024-08-22 14:00:00,474.73,CNY,M392477,麦当劳,5999,取现,ECOM,中国,上海市,成都,146c7877d541b965,f3bc7577032694aa,CHIP,,,20,R002,否,,164545,中国银行,收单行C,TERM873248,2,rule
T000020243369,622202******1677,王*飞,3509**********4169,174****8866,2024-08-25 07:00:00,102.97,CNY,M497399,优衣库,5411,消费,POS,中国,广东省,武汉,2de90ff1ac058599,11ce19d807c9b635,CONTACTLESS,,1.08,25,,否,,596370,招商银行,银联,TERM918073,0,unknown
T000020243396,622202******8082,李*超,5896**********1096,185****3972,2024-08-25 11:00:00,26.58,CNY,M682144,中国石化,5311,消费,QR,中国,上海市,南京,1f27aaa7aa962c80,46acdf7d0d5f4746,MAG,,,1,,否,,119433,中国银行,收单行B,TERM950328,0,unknown
T000020240806,622202******0294,钱*峰,5544**********4225,154****2263,2024-08-25 12:00:00,269.77,CNY,M721254,美团外卖,5411,消费,QR,中国,上海市,青岛,42c1a0f4e6f8a399,ca589ae2f3fd800f,CONTACTLESS,,,28,,否,,457356,工商银行,收单行C,TERM644918,0,unknown
T000020240987,622202******6023,秦*龙,5797**********8132,198****3521,2024-08-25 22:00:00,130.58,CNY,M189771,滴滴出行,5411,预授权,ECOM,中国,山东省,成都,7bbd4f34468c1ef3,47547c03f45ac225,MANUAL,,,0,,否,,489307,农业银行,收单行C,TERM870907,0,unknown
T000020242415,622202******7727,严*辉,5239**********3471,154****8004,2024-08-26 15:00:00,144.7,CNY,M189771,天猫超市,5311,消费,ECOM,中国,浙江省,武汉,f4b27d3fba13425e,775dbd5bdff26a1b,CONTACTLESS,12.0,,30,,否,,625334,招商银行,收单行A,TERM983831,1,chargeback
T000020240684,622202******8333,褚*晨,2761**********3120,195****4083,2024-08-26 18:00:00,162.75,CNY,M383201,星巴克,5311,消费,MOBILE,中国,湖北省,青岛,7058e32702534b3b,62506e23bcf37f1b,MAG,3.0,,24,,否,,437864,中国银行,收单行A,TERM809621,0,unknown
T000020240621,622202******6135,褚*浩,4066**********6543,191****7043,2024-08-26 21:00:00,334.65,CNY,M497399,中国石油,5812,消费,QR,中国,广东省,北京,c9a992e88f95aa06,84ace261f018dd5f,ECOM,6.0,,19,,否,,711046,农业银行,收单行C,TERM425301,0,unknown
T000020243419,622202******6950,王*平,2688**********2388,174****6700,2024-08-27 04:00:00,43.58,CNY,M611233,屈臣氏,4111,消费,QR,中国,四川省,杭州,636ab8d126706a25,7717d92d2ae83d70,MANUAL,,,13,,否,,789996,中国银行,收单行B,TERM664663,0,unknown
T000020243544,622202******0541,韩*兵,5828**********6120,196****9431,2024-08-27 21:00:00,69.68,CNY,M647091,中国石油,5311,消费,ECOM,中国,福建省,青岛,79a3d985cc933acf,f49feec5a7c082b2,CHIP,,1.15,6,,否,,600574,交通银行,收单行A,TERM960003,0,unknown
T000020242133,622202******0241,孔*华,4213**********4251,139****8002,2024-08-28 14:00:00,123.43,CNY,M322423,麦当劳,4111,消费,MOBILE,中国,广东省,杭州,20f831c47adfd45e,eb9bbd57e954c52a,CONTACTLESS,,,1,,否,,354296,建设银行,收单行B,TERM863228,1,chargeback
T000020242319,622202******4428,陈*峰,5754**********8674,198****4440,2024-08-28 21:00:00,261.33,CNY,M189771,去哪儿,4111,消费,APP,中国,浙江省,郑州,98a247ca9e688782,f1cc67e9622ce8a0,CONTACTLESS,,,21,,是,真实交易,193678,浦发银行,收单行B,TERM191810,1,chargeback
T000020243227,622202******6748,张*林,3837**********5236,151****3803,2024-08-29 05:00:00,198.62,CNY,M260422,麦当劳,4111,消费,ECOM,中国,浙江省,北京,71ead34f50f26015,42a919f41a83940e,MANUAL,,,15,,否,,508578,工商银行,银联,TERM836197,0,unknown
T000020240878,622202******8503,陶*峰,3602**********2137,153****9530,2024-08-29 06:00:00,62.32,CNY,M572700,肯德基,5814,消费,ECOM,中国,湖北省,上海,08884a9e041d6f48,3cd11133b781faff,CHIP,,0.24,97,R003,是,确认欺诈,812195,工商银行,收单行C,TERM596846,1,chargeback
T000020241594,622202******6971,孔*杰,3127**********5694,135****0050,2024-08-29 12:00:00,815.43,CNY,M556641,星巴克,5691,消费,APP,中国,江苏省,广州,1ea47d9d71f492cf,eacf9a9d065a0518,ECOM,,,15,,否,,691019,交通银行,收单行C,TERM568208,0,unknown
T000020243067,622202******6735,施*峰,2352**********6528,156****0650,2024-08-29 14:00:00,141.33,CNY,M290672,微信支付,5211,取现,MOBILE,中国,广东省,杭州,343a8c3c3c05fa84,3a4c5ec5f02fcaa1,CHIP,,,2,,否,,529405,工商银行,收单行B,TERM222939,0,unknown
T000020241048,622202******2995,姜*俊,4051**********1953,182****4484,2024-08-29 23:00:00,16.17,CNY,M355709,麦当劳,5814,取现,ECOM,中国,广东省,青岛,e078b0457b753b26,b047f8b1375cc9b8,CHIP,3.0,,0,,否,,755768,中信银行,银联,TERM150011,0,unknown
T000020243297,622202******6931,褚*鹏,4066**********2982,156****4308,2024-08-30 06:00:00,2889.04,CNY,M855053,优衣库,5691,消费,QR,中国,北京市,郑州,0a025b5fd50b4001,b26c48a941f85845,CHIP,,110.86,6,,否,,360754,浦发银行,银联,TERM482417,1,chargeback
T000020241882,622202******1678,华*浩,2449**********3494,186****4803,2024-08-30 11:00:00,926.15,CNY,M782054,肯德基,5812,消费,POS,中国,广东省,武汉,c1652288a11ec6ae,3c1c9610243a0864,MANUAL,,,13,,否,,554184,招商银行,银联,TERM874033,0,unknown
T000020241157,622202******6617,尤*浩,3436**********6345,152****6796,2024-08-31 07:00:00,552.22,CNY,M383201,滴滴出行,5211,消费,MOBILE,中国,福建省,北京,0c8417fc4990b1db,55c04f220f84292d,CHIP,12.0,20.12,9,,否,,328758,建设银行,收单行B,TERM835593,0,unknown
T000020241771,622202******4844,华*华,3065**********6017,176****8583,2024-08-31 16:00:00,411.9,CNY,M992288,沃尔玛,4111,消费,APP,中国,四川省,青岛,0ed6490f663d10cf,e17be585c48974ba,MANUAL,,,29,,否,,207594,浦发银行,收单行C,TERM334812,0,unknown
T000020242991,622202******6056,尤*国,5023**********4440,139****8001,2024-09-01 17:00:00,1201.49,CNY,M260422,肯德基,5691,消费,QR,中国,河南省,郑州,455665e303e8fede,beb57b6ee8f18246,MANUAL,,52.09,4,,否,,978514,中信银行,收单行C,TERM638312,0,unknown
T000020240640,622202******3135,张*平,2339**********3616,188****5942,2024-09-02 02:00:00,933.55,CNY,M739979,微信支付,5812,消费,POS,中国,四川省,广州,9471e604fce6a180,5db63294dac646e6,MAG,,7.15,20,,否,,884056,交通银行,银联,TERM836038,0,unknown
T000020241180,622202******9785,秦*龙,5656**********5002,181****4299,2024-09-02 16:00:00,231.5,CNY,M130094,海澜之家,5812,预授权,APP,中国,四川省,杭州,a3910f11340b662b,de8bd9699ea0dbae,ECOM,,,29,,否,,943952,招商银行,收单行B,TERM119053,0,unknown
T000020241450,622202******6797,张*民,5988**********4127,132****6022,2024-09-03 03:00:00,182.68,CNY,M725113,支付宝,5814,消费,APP,中国,湖北省,青岛,3c9d9f4855b4da2b,9ff7167f3c076ca1,CONTACTLESS,,7.66,26,,否,,930265,工商银行,收单行A,TERM704819,0,unknown
T000020242885,622202******8464,何*峰,6449**********3834,171****2030,2024-09-04 17:00:00,205.29,CNY,M381433,支付宝,5812,消费,MOBILE,中国,四川省,青岛,9b1ed13f3da96428,afda73dbba416dd9,CONTACTLESS,,,14,,否,,906597,招商银行,银联,TERM286833,0,unknown
T000020242333,622202******3633,王*泽,1599**********8038,137****0741,2024-09-04 18:00:00,13.91,CNY,M992288,滴滴出行,5311,转账,POS,中国,河南省,广州,f31309da105577d6,ff02abd52a80a4e7,CONTACTLESS,12.0,0.67,13,,否,,881280,建设银行,收单行C,TERM148669,0,unknown
T000020241185,622202******1046,曹*民,3994**********7697,195****1565,2024-09-05 02:00:00,2730.18,CNY,M389688,支付宝,4511,消费,QR,中国,上海市,深圳,d700aaac0a46a1a9,dbfb5b0d8c72338b,MAG,,,22,,否,,479170,工商银行,收单行A,TERM532832,0,unknown
T000020240940,622202******2544,何*超,4063**********2099,137****3563,2024-09-05 15:00:00,134.32,CNY,M745830,屈臣氏,5812,消费,QR,中国,上海市,成都,c976ae9e31610d17,351560950bdc0911,MAG,3.0,,27,,否,,551880,招商银行,银联,TERM573210,0,unknown
T000020241526,622202******6912,华*飞,3738**********8326,173****1813,2024-09-05 18:00:00,214.63,CNY,M437960,优衣库,5211,取现,APP,中国,河南省,杭州,6b907b9ea6bcf69e,e50271b2fc06b02b,CONTACTLESS,,,0,,否,,819593,农业银行,银联,TERM133244,1,chargeback
T000020242814,622202******0509,李*泽,1371**********1736,178****0978,2024-09-05 21:00:00,465.81,USD,M612311,携程旅行,4111,消费,POS,中国,北京市,郑州,89eb227d9d2e4ae6,5af5a19a10c2366d,ECOM,3.0,6.21,20,,否,,283479,中国银行,收单行B,TERM912155,0,unknown
T000020242064,622202******7491,严*杰,3500**********2232,191****6116,2024-09-05 22:00:00,170.15,CNY,M697530,天猫超市,5999,消费,QR,中国,广东省,深圳,a4b533c40953753a,61de7b2572d1ebe9,MANUAL,,,17,,否,,696144,中国银行,收单行B,TERM134604,0,unknown
T000020241339,622202******8607,杨*晨,2396**********5562,157****8756,2024-09-06 17:00:00,770.16,CNY,M965845,饿了么,5999,消费,APP,中国,山东省,深圳,9f74db4665811f35,225e72b956f87d8e,ECOM,3.0,21.47,30,,否,,170012,招商银行,银联,TERM541420,0,unknown
T000020242763,622202******7444,周*民,4749**********5010,174****4000,2024-09-07 15:00:00,441.14,CNY,M383201,麦当劳,5691,消费,POS,中国,湖北省,北京,88eaa23f88044214,c5455161a9f70c37,CONTACTLESS,,,28,,否,,915363,交通银行,收单行A,TERM681819,0,unknown
T000020242328,622202******7213,尤*峰,1216**********3207,173****3091,2024-09-07 18:00:00,431.83,CNY,M612311,优衣库,5691,消费,MOBILE,中国,河南省,武汉,f3a0648de95cedb1,b05e3b9e734f405d,MANUAL,,,13,,否,,235664,招商银行,银联,TERM649502,1,chargeback
T000020240788,622202******5017,孙*健,4221**********8371,199****5227,2024-09-07 20:00:00,23.37,CNY,M697530,携程旅行,5541,消费,MOBILE,中国,福建省,杭州,6c989f00683311bd,06fb7c40f1a02076,ECOM,,,12,,否,,113950,农业银行,银联,TERM582515,0,unknown
T000020241220,622202******0672,吕*俊,3090**********5234,196****2120,2024-09-07 21:00:00,1464.76,CNY,M993085,支付宝,5541,消费,POS,中国,江苏省,郑州,2de90ff1ac058599,a2c9a4fc0d6f90b7,CHIP,,,2,,否,,827436,建设银行,银联,TERM859881,0,unknown
T000020241427,622202******0970,曹*林,2932**********8554,193****2304,2024-09-08 15:00:00,89.65,CNY,M947458,沃尔玛,4511,消费,POS,中国,浙江省,郑州,20c22e9c4a8b70fe,342f00a6028a6a5f,MAG,12.0,,20,,否,,369759,招商银行,收单行C,TERM817010,1,chargeback
T000020242839,622202******7665,魏*晨,3178**********9306,186****4402,2024-09-08 18:00:00,1340.56,CNY,M472060,沃尔玛,5812,消费,QR,中国,北京市,郑州,5652a647b16db63b,e79ae218b9d6136f,CONTACTLESS,12.0,,13,,否,,664153,建设银行,收单行C,TERM997588,1,chargeback
T000020242540,622202******8487,孙*勇,4523**********1711,191****0239,2024-09-09 06:00:00,73.77,CNY,M300337,海澜之家,5211,消费,MOBILE,中国,四川省,广州,f3a0648de95cedb1,00e2c680a94602e5,CHIP,3.0,,21,,否,,130211,建设银行,收单行C,TERM135369,0,unknown
T000020242161,622202******2955,冯*健,4888**********2820,192****2011,2024-09-09 16:00:00,1478.41,CNY,M190872,华润万家,5812,预授权,POS,中国,北京市,郑州,1d9bf0deb754a65c,ca80763c2e43d729,CHIP,,,7,,否,,894981,建设银行,收单行B,TERM787492,0,unknown
T000020242216,622202******1077,何*民,6421**********4765,188****6447,2024-09-10 02:00:00,1431.02,CNY,M739979,屈臣氏,5814,预授权,ECOM,中国,上海市,北京,0521e34521fd8faf,aa8cb1b32c6d2596,MAG,,,6,,否,,161205,工商银行,收单行C,TERM357497,0,unknown
T000020240772,622202******9415,钱*健,2349**********6153,185****1040,2024-09-10 19:00:00,238.13,CNY,M389688,天猫超市,5814,消费,QR,中国,上海市,青岛,3c9d9f4855b4da2b,60dd862c081e9f01,MANUAL,,,17,,否,,611133,建设银行,银联,TERM792142,0,unknown
T000020242413,622202******7776,冯*国,4831**********2802,193****5473,2024-09-11 08:00:00,409.36,CNY,M556641,屈臣氏,5211,消费,APP,中国,上海市,青岛,1d9bf0deb754a65c,2211126b960e4795,MAG,3.0,4.77,22,,否,,568393,建设银行,银联,TERM767725,0,unknown
T000020240896,622202******7444,严*兵,1934**********6145,135****8333,2024-09-11 09:00:00,32.29,CNY,M936587,支付宝,4111,消费,ECOM,中国,四川省,杭州,2c5af2a8b4030c55,a64d857a7798ae81,ECOM,,1.06,6,,否,,293205,中信银行,收单行C,TERM143993,1,chargeback
T000020241082,622202******9823,陈*俊,1814**********2038,134****4834,2024-09-11 16:00:00,1741.58,CNY,M110644,美团外卖,4511,消费,APP,中国,浙江省,杭州,1fd05adcd66e548a,7a1367593b039137,MAG,3.0,18.58,15,,否,,854675,浦发银行,收单行A,TERM458328,1,chargeback
T000020243181,622202******3142,朱*博,1431**********7226,157****1019,2024-09-11 19:00:00,73.26,CNY,M452737,中国石油,5999,消费,ECOM,中国,湖北省,深圳,06d3eb56a24b0453,15f88776375266b7,ECOM,,3.36,26,,否,,635676,交通银行,收单行A,TERM456225,0,unknown
T000020242091,622202******7270,孙*杰,2407**********2645,152****2472,2024-09-11 22:00:00,32.39,CNY,M993085,微信支付,5814,消费,POS,中国,浙江省,武汉,0ed6490f663d10cf,a9325df426460540,CONTACTLESS,,0.99,15,,否,,142596,中国银行,收单行B,TERM852107,0,unknown
T000020241772,622202******2071,陶*博,2944**********2623,187****7855,2024-09-11 23:00:00,33.89,CNY,M800646,麦当劳,4511,消费,MOBILE,中国,山东省,青岛,6df5a402610319e2,f2f3acf8511080c5,ECOM,,1.14,26,,否,,122161,建设银行,收单行B,TERM326239,0,unknown
T000020243156,622202******3761,朱*泽,6329**********3683,186****9600,2024-09-12 08:00:00,880.55,HKD,M841666,华润万家,5411,消费,ECOM,中国,上海市,上海,c976ae9e31610d17,011af015bb7f5c0f,ECOM,,,22,,否,,375777,农业银行,收单行B,TERM669082,1,chargeback
T000020241344,622202******6023,杨*凯,5101**********3838,157****8984,2024-09-12 13:00:00,865.4,CNY,M936587,滴滴出行,5211,消费,ECOM,中国,上海市,北京,279f682c6eb1d0d5,3bdf93dbb5c34b07,CHIP,,,5,,否,,891145,中国银行,收单行A,TERM976373,0,unknown
T000020242733,622202******9816,何*晨,1496**********4495,194****2922,2024-09-12 22:00:00,984.42,CNY,M745830,拼多多,5814,取现,QR,中国,广东省,武汉,a1cfc0ac69f935c7,0b5d92bb943ecc3b,MAG,6.0,,25,,否,,131662,交通银行,收单行B,TERM940355,0,unknown
T000020243600,622202******8113,姜*民,1593**********8584,133****2634,2024-09-13 06:00:00,415.51,CNY,M869440,屈臣氏,4111,消费,POS,中国,北京市,成都,76de2f564771d83c,d75746fa32818a42,CHIP,6.0,14.67,0,,否,,453033,浦发银行,银联,TERM495515,0,unknown
T000020242717,622202******6829,张*辉,3012**********4899,137****4261,2024-09-13 20:00:00,124.94,CNY,M383201,海澜之家,5541,消费,QR,中国,广东省,广州,c41045d5ac7ee946,cdd7a562c9e17c0e,CONTACTLESS,,,23,,否,,124487,工商银行,银联,TERM547108,0,unknown
T000020242935,622202******0421,郑*飞,3410**********5112,198****6432,2024-09-14 04:00:00,746.62,CNY,M556641,中国石油,5311,消费,MOBILE,中国,河南省,上海,d99ca51e2e8b2a83,b4d23853dbf3861a,MANUAL,,,3,,否,,562564,中国银行,银联,TERM452666,0,unknown
T000020242002,622202******3857,吴*海,5538**********7940,137****0635,2024-09-14 08:00:00,993.23,CNY,M393243,美团外卖,5411,消费,POS,中国,山东省,南京,2df5d93aa8bc68ed,0ecf63e401a68954,CONTACTLESS,,,3,,否,,990870,建设银行,银联,TERM780357,0,unknown
T000020243234,622202******9309,王*兵,2549**********6556,183****7462,2024-09-14 20:00:00,97.42,CNY,M992288,去哪儿,4511,转账,ECOM,中国,浙江省,南京,1f5b1a5010ec4773,220c7a6fead26998,CHIP,,,0,,否,,281560,农业银行,银联,TERM791330,0,unknown
T000020243091,622202******5036,周*民,1800**********8366,136****2238,2024-09-16 19:00:00,70.09,CNY,M855053,屈臣氏,5814,消费,ECOM,中国,广东省,成都,745926423d474c6e,b8b543c69d46a8c8,CONTACTLESS,,,17,,否,,121311,农业银行,收单行B,TERM544992,1,chargeback
T000020242982,622202******8612,王*健,3191**********6983,192****7193,2024-09-17 03:00:00,600.59,CNY,M452737,肯德基,4511,消费,POS,中国,福建省,青岛,505314b9fdc173a3,65b9e9cd11adecd0,ECOM,,24.1,15,,否,,951032,工商银行,收单行B,TERM570179,0,unknown
T000020241515,622202******1988,赵*杰,5811**********3655,192****9657,2024-09-17 10:00:00,174.13,CNY,M587455,携程旅行,5211,消费,QR,中国,湖北省,青岛,a6294fb9d5b14bf7,9121c2786ebb0342,ECOM,,,12,,否,,374296,中信银行,收单行B,TERM547387,0,unknown
T000020241510,622202******8094,陶*鹏,4736**********4493,176****6845,2024-09-17 23:00:00,840.35,CNY,M556641,屈臣氏,5814,取现,ECOM,中国,福建省,成都,0ed6490f663d10cf,fcc871217c84fd24,CONTACTLESS,,26.87,11,,否,,312440,交通银行,收单行A,TERM170892,0,unknown
T000020241091,622202******2150,孔*平,3773**********1543,187****0761,2024-09-18 05:00:00,878.7,CNY,M606983,滴滴出行,5999,消费,QR,中国,河南省,青岛,2d9afc3cee3b474a,a7df4b173ee49650,MAG,,13.43,19,,否,,137501,建设银行,收单行A,TERM849894,0,unknown
T000020242867,622202******7883,陈*俊,5653**********8487,131****0549,2024-09-18 09:00:00,61.81,CNY,M556732,携程旅行,5211,消费,QR,中国,浙江省,北京,97c75105c11b3223,9fe7421fe23efe3b,CHIP,,,22,,否,,384017,中国银行,收单行B,TERM838602,0,unknown
T000020241712,622202******6973,杨*晨,4110**********9187,181****6202,2024-09-18 10:00:00,323.73,CNY,M992288,沃尔玛,5812,消费,POS,中国,浙江省,广州,88eaa23f88044214,1c6d1df1a4a33e75,ECOM,,,2,,否,,189101,中信银行,银联,TERM798806,0,unknown
T000020242459,622202******7319,钱*林,5196**********9900,173****8357,2024-09-19 03:00:00,4007.64,CNY,M381433,拼多多,5541,消费,MOBILE,中国,广东省,上海,2ecbdc189cea40b2,b1971ff7a439e77f,MANUAL,12.0,,17,,否,,568314,农业银行,收单行C,TERM447366,0,unknown
T000020242100,622202******6538,许*民,5422**********4235,134****8526,2024-09-19 12:00:00,118.19,CNY,M721254,去哪儿,5411,消费,POS,中国,山东省,杭州,ba7a9c7890936138,855f59a3fa93fde2,CONTACTLESS,,0.45,17,,否,,960839,浦发银行,收单行C,TERM305505,0,unknown
T000020240655,622202******7118,郑*泽,5844**********5919,139****0526,2024-09-19 23:00:00,120.18,CNY,M782054,京东商城,5999,消费,POS,中国,江苏省,成都,40e3a49f328d63be,cb16e680d959070c,MAG,,,15,,否,,547080,中信银行,收单行B,TERM936507,0,unknown
T000020242521,622202******4898,李*峰,4680**********9378,187****6203,2024-09-20 02:00:00,194.53,CNY,M912270,星巴克,5541,消费,QR,中国,江苏省,青岛,23a174622c00ed18,7d7c8c74105478e2,CONTACTLESS,3.0,,5,,否,,673402,建设银行,银联,TERM502930,0,unknown
T000020242776,622202******3977,王*阳,3303**********6395,181****3574,2024-09-20 12:00:00,198.43,CNY,M357420,京东商城,5812,消费,POS,中国,山东省,北京,95abd3050574d2e4,eefa889d20c6dd20,MAG,,7.46,47,,否,,478697,中国银行,银联,TERM114397,0,unknown
T000020241610,622202******3333,卫*俊,6061**********2144,157****9037,2024-09-20 13:00:00,1194.98,CNY,M189771,天猫超市,5541,消费,APP,中国,浙江省,广州,fd5c91a79cbb3517,0dd3cc3765294b02,MANUAL,,41.63,16,,否,,480246,交通银行,银联,TERM800404,0,unknown
T000020241799,622202******1970,金*鹏,5360**********2914,197****0439,2024-09-20 14:00:00,512.25,CNY,M556641,海澜之家,5999,转账,POS,中国,河南省,杭州,95abd3050574d2e4,f66372ac005eabf5,CONTACTLESS,,,10,,否,,375840,交通银行,银联,TERM521423,0,unknown
T000020240815,622202******9816,严*俊,5818**********7139,157****4969,2024-09-21 10:00:00,170.91,HKD,M739979,微信支付,5411,消费,APP,中国,浙江省,青岛,fb69a468cb32cc68,a8011b1385bc273e,MANUAL,,,30,,否,,899897,招商银行,收单行C,TERM715467,1,chargeback
T000020243422,622202******6178,韩*博,4473**********2808,182****9633,2024-09-21 13:00:00,317.21,CNY,M300337,华润万家,5411,消费,POS,中国,北京市,武汉,034ea351d0c177f9,837fabec9528ddf3,MAG,,,1,,否,,821040,中信银行,银联,TERM419672,0,unknown
T000020243581,622202******6918,金*华,3807**********7761,194****6244,2024-09-22 00:00:00,1195.76,CNY,M745830,天猫超市,4111,转账,POS,中国,上海市,广州,b1037b7edd2d0920,f147bde7be7ec930,MAG,6.0,,0,,否,,682478,浦发银行,收单行C,TERM826811,0,unknown
T000020241673,622202******1046,郑*阳,4373**********2307,135****7032,2024-09-22 05:00:00,181.43,CNY,M437960,麦当劳,5411,消费,POS,中国,上海市,杭州,329c79d43e15f0bb,d223e6d189553ab8,MANUAL,6.0,5.36,26,,否,,768092,建设银行,银联,TERM374566,0,unknown
T000020240947,622202******8094,曹*辉,5852**********9943,182****7324,2024-09-23 07:00:00,232.6,CNY,M947458,海澜之家,5999,消费,ECOM,中国,北京市,广州,fa78e0657942bbae,4983d0ddaf15d39d,MANUAL,3.0,,18,,否,,201191,交通银行,收单行C,TERM166183,1,chargeback
T000020242430,622202******2817,褚*杰,1765**********3634,172****3682,2024-09-23 13:00:00,405.62,CNY,M611233,美团外卖,5211,消费,POS,中国,四川省,南京,6b907b9ea6bcf69e,b11bd177a13f08ec,MAG,24.0,,6,,否,,555151,浦发银行,收单行C,TERM969054,1,chargeback
T000020243110,622202******8155,周*峰,3540**********2670,138****8650,2024-09-23 18:00:00,169.33,CNY,M370902,滴滴出行,5999,消费,QR,中国,山东省,上海,69ceca0cbe676df1,2d7341e84a4d4e8c,CHIP,,,17,,否,,268721,建设银行,银联,TERM892216,0,unknown
T000020242031,622202******4018,孔*亮,2742**********6109,197****1673,2024-09-24 15:00:00,166.79,CNY,M800646,天猫超市,4111,消费,POS,中国,浙江省,郑州,e960dc19952a1fa8,a0526cfad6e62669,ECOM,,6.93,5,,否,,436305,招商银行,收单行C,TERM526807,0,unknown
T000020242946,622202******4931,严*峰,5486**********2580,156****4626,2024-09-24 16:00:00,395.73,CNY,M641722,麦当劳,4111,消费,ECOM,中国,山东省,深圳,0521e34521fd8faf,5cb460f99ac3bf3e,MANUAL,,,22,,否,,791689,农业银行,收单行B,TERM689146,0,unknown
T000020240727,622202******5325,孙*阳,4297**********7445,151****7026,2024-09-24 20:00:00,67.17,CNY,M556732,中国石化,5999,转账,POS,中国,湖北省,青岛,9bb865bdc372dc0c,d476207d0a8c266f,CHIP,,,0,,否,,954441,工商银行,收单行C,TERM336540,0,unknown
T000020240956,622202******4383,杨*勇,4844**********6270,159****2908,2024-09-24 23:00:00,571.46,CNY,M353080,饿了么,5812,消费,QR,中国,河南省,郑州,06687f3fe83c23c6,b6e454803ffffa65,ECOM,,,29,,否,,836251,中国银行,银联,TERM382206,0,unknown
T000020241428,622202******1308,何*超,6121**********6198,177****2438,2024-09-25 00:00:00,89.88,CNY,M721254,天猫超市,5311,消费,APP,中国,浙江省,成都,755cb7791cfbd902,8811dd418c8319c5,MANUAL,12.0,4.14,0,,否,,705161,建设银行,收单行B,TERM116579,0,unknown
T000020241394,622202******1493,周*东,4347**********7696,157****2988,2024-09-25 11:00:00,269.8,CNY,M355709,优衣库,4511,消费,APP,中国,浙江省,郑州,1b111d5964808446,a6751fc2ced6ae1e,CHIP,,,6,,否,,668225,工商银行,银联,TERM104707,0,unknown
T000020243394,622202******8899,金*杰,4795**********4042,131****3122,2024-09-25 12:00:00,113.41,CNY,M855053,携程旅行,5311,取现,POS,中国,山东省,广州,f65ba79519a29378,e30e0c80bd3ce22d,CONTACTLESS,,,5,,否,,978717,农业银行,银联,TERM962755,0,unknown
T000020243020,622202******8155,卫*东,2064**********7353,153****6936,2024-09-25 17:00:00,143.15,CNY,M993085,屈臣氏,5411,消费,POS,中国,北京市,青岛,755cb7791cfbd902,85cf1ca275173d5d,ECOM,,,20,,否,,304388,浦发银行,收单行C,TERM147831,0,unknown
T000020241523,622202******8945,韩*博,1382**********6724,176****6072,2024-09-26 04:00:00,1036.73,CNY,M866536,天猫超市,5691,消费,ECOM,中国,北京市,南京,f366129a35baf279,c4c40899158b77a2,MAG,,,10,,否,,522485,中国银行,收单行B,TERM856668,1,chargeback
T000020242270,622202******4595,孔*东,2762**********1770,132****9233,2024-09-26 13:00:00,72.75,CNY,M782054,去哪儿,5691,消费,ECOM,中国,四川省,南京,e658650a466b8987,2131e5438780b720,CHIP,,2.04,29,,否,,882597,招商银行,收单行A,TERM803568,0,unknown
T000020241849,622202******6023,曹*勇,2887**********8656,153****5509,2024-09-26 19:00:00,362.56,CNY,M841666,天猫超市,5211,取现,POS,中国,河南省,青岛,505314b9fdc173a3,dfeeff01b880f0de,CONTACTLESS,,,9,,否,,641358,建设银行,收单行B,TERM573351,0,unknown
T000020241919,622202******6931,卫*鹏,3281**********5737,133****4360,2024-09-27 01:00:00,105.39,EUR,M866536,拼多多,5411,消费,POS,中国,福建省,上海,505314b9fdc173a3,1535ae8bc4fa00d7,CHIP,6.0,,9,,否,,109786,中国银行,收单行A,TERM482135,0,unknown
T000020242921,622202******9421,孔*辉,5132**********8051,196****8007,2024-09-27 12:00:00,6.76,EUR,M725113,拼多多,5411,消费,MOBILE,中国,浙江省,郑州,343a8c3c3c05fa84,361fc9d365fd44d4,ECOM,,,26,,否,,390594,交通银行,收单行A,TERM478053,0,unknown
T000020243113,622202******6135,赵*海,5195**********9443,152****5750,2024-09-27 13:00:00,249.81,CNY,M130094,华润万家,5999,消费,MOBILE,中国,四川省,南京,935186b05174f5e5,aa35c0873865703d,CONTACTLESS,,,19,,否,,972962,浦发银行,收单行B,TERM197421,0,unknown
T000020240976,622202******8639,张*鹏,6228**********4117,157****2473,2024-09-27 19:00:00,11.57,CNY,M841666,中国石化,5311,消费,APP,中国,上海市,南京,3a30c525c4093dac,14b35137164bc124,MANUAL,,,15,,否,,574141,农业银行,收单行B,TERM873701,0,unknown
T000020242509,622202******8565,金*民,5467**********3283,174****5375,2024-09-27 20:00:00,388.69,CNY,M357420,肯德基,4111,消费,POS,中国,福建省,广州,f8acc9c54e487a1a,e5b15e8de05433a1,CHIP,,,5,,否,,140047,浦发银行,银联,TERM126251,0,unknown
T000020242622,622202******3732,许*浩,2238**********9180,177****9623,2024-09-29 18:00:00,2934.77,CNY,M682144,去哪儿,5541,消费,APP,中国,湖北省,杭州,11f483b23faaf750,49fa3b903f549c59,ECOM,,,15,,否,,516603,招商银行,银联,TERM881584,1,chargeback
T000020240718,622202******4331,陶*浩,2038**********9190,138****7450,2024-09-29 20:00:00,326.55,CNY,M606983,天猫超市,5411,预授权,ECOM,中国,四川省,北京,69ceca0cbe676df1,4e525507ffc97a1b,MANUAL,,,18,,否,,926867,交通银行,银联,TERM868804,0,unknown
T000020240829,622202******5136,吕*龙,4887**********7200,191****2633,2024-09-30 06:00:00,225.18,CNY,M721254,中国石油,5812,消费,POS,中国,北京市,郑州,0094422884129e2b,4940921e2eebd10a,ECOM,,,28,,否,,833232,中国银行,收单行C,TERM573870,1,chargeback
T000020241761,622202******4644,冯*俊,2766**********8810,199****4284,2024-09-30 10:00:00,12.18,CNY,M526170,沃尔玛,5411,转账,QR,中国,四川省,北京,93e2d1c2a435882e,5072da4371183f57,ECOM,,,3,,否,,941196,浦发银行,收单行C,TERM391167,0,unknown
T000020243172,622202******7195,卫*鹏,3421**********8110,198****1361,2024-09-30 16:00:00,49.74,CNY,M682789,屈臣氏,5311,消费,QR,中国,河南省,杭州,277b8af94a624b13,4c44dbf3b96e7c0b,MAG,,,16,,否,,745783,建设银行,收单行A,TERM581703,0,unknown
T000020242977,622202******2839,吕*辉,1528**********9256,192****2616,2024-09-30 18:00:00,41.9,CNY,M383201,华润万家,5411,消费,QR,中国,湖北省,青岛,9f28cd723241ccc9,5c18355e2997a9f5,CONTACTLESS,,1.17,30,,否,,416447,中国银行,收单行B,TERM321060,1,chargeback
T000020242142,622202******1802,朱*海,2359**********9274,171****5183,2024-09-30 22:00:00,918.44,CNY,M947458,京东商城,5812,消费,QR,中国,江苏省,上海,bfc680feb53d786b,2275f1bce86dfb20,MANUAL,,,24,,否,,202362,工商银行,银联,TERM351921,0,unknown
T000020240667,622202******4768,严*龙,4732**********6488,139****3975,2024-10-01 07:00:00,703.02,CNY,M110644,微信支付,5812,消费,ECOM,中国,江苏省,郑州,a3fbd8b96ec26e44,4b80a220eaf29794,CHIP,24.0,9.84,29,,否,,146032,中国银行,银联,TERM834891,0,unknown
T000020241745,622202******4576,姜*东,5228**********9633,186****9491,2024-10-03 06:00:00,118.11,CNY,M647091,海澜之家,4511,消费,POS,中国,江苏省,郑州,e960dc19952a1fa8,29ddc7dd3c1c75be,MANUAL,24.0,,29,,否,,218830,建设银行,收单行A,TERM370593,0,unknown
T000020242437,622202******7136,吕*海,3189**********1942,187****6098,2024-10-03 08:00:00,37.45,CNY,M322423,携程旅行,4111,消费,MOBILE,中国,浙江省,上海,91df236626d57f28,01bfec19d9ee0cc2,ECOM,,0.36,24,,否,,668889,中信银行,收单行C,TERM653562,0,unknown
T000020242569,622202******2079,施*超,1729**********6190,196****1907,2024-10-03 11:00:00,389.61,CNY,M322423,携程旅行,5812,消费,ECOM,中国,浙江省,深圳,1edceedf4bde00b7,5d80c96ba9425b16,ECOM,,0.03,4,,否,,888047,中信银行,收单行A,TERM313983,0,unknown
T000020242029,622202******5325,何*平,2746**********3567,136****2462,2024-10-03 13:00:00,579.46,CNY,M383201,饿了么,5999,消费,ECOM,中国,湖北省,武汉,083dc8ae4e0f1d0b,84d9d2f251889b8f,MANUAL,12.0,,12,,否,,444651,工商银行,收单行B,TERM408700,0,unknown
T000020243416,622202******0865,陈*辉,1256**********7259,194****0694,2024-10-03 19:00:00,92.41,CNY,M725113,微信支付,4111,消费,QR,中国,广东省,成都,21d6338599e5bf9d,f2b523876b9cb0e0,MAG,3.0,3.82,26,,否,,606097,建设银行,收单行A,TERM668512,0,unknown
T000020240960,622202******6327,许*林,4760**********9494,152****5216,2024-10-04 02:00:00,31.39,CNY,M992288,沃尔玛,5814,消费,ECOM,中国,广东省,武汉,a45b519dd12a6503,ff83d93e06079067,ECOM,6.0,,25,,否,,222034,建设银行,收单行C,TERM358182,0,unknown
T000020242832,622202******4411,姜*峰,5247**********9988,134****3523,2024-10-04 18:00:00,681.4,CNY,M456871,优衣库,4511,消费,APP,中国,浙江省,杭州,ef69bbb13e2b28e0,9fdd7c15f684eb4e,MAG,,,0,,否,,480512,中信银行,银联,TERM175058,0,unknown
T000020242729,622202******6023,李*博,4364**********5581,158****3556,2024-10-04 22:00:00,79.72,CNY,M606983,支付宝,4111,消费,APP,中国,河南省,郑州,1ec1009b0b76915e,146544406b8f203a,ECOM,6.0,1.45,26,,否,,962128,农业银行,银联,TERM514487,0,unknown
T000020242913,622202******2497,赵*国,3024**********8925,154****7267,2024-10-05 02:00:00,282.25,CNY,M322423,去哪儿,5411,消费,APP,中国,北京市,青岛,0ed6490f663d10cf,dbb5db46f54b0ef5,CHIP,,,23,,否,,388566,中国银行,收单行A,TERM630949,1,chargeback
T000020240849,622202******4844,朱*龙,4207**********2951,153****2416,2024-10-05 04:00:00,296.28,CNY,M572700,滴滴出行,4111,消费,ECOM,中国,福建省,杭州,99e18291060e8db7,f42d69ccd7309c1d,MAG,,,16,,否,,773618,中国银行,收单行B,TERM660563,1,chargeback
T000020242723,622202******9816,李*林,3645**********2843,193****7231,2024-10-05 14:00:00,99.49,CNY,M936587,优衣库,4111,消费,APP,中国,福建省,杭州,63466980509977f8,2d720ee4b39c6f84,ECOM,,,23,,否,,601047,招商银行,收单行B,TERM372963,1,chargeback
T000020240989,622202******1352,吕*林,4512**********7471,198****2300,2024-10-05 20:00:00,79.58,CNY,M526170,滴滴出行,4511,消费,APP,中国,上海市,青岛,b74d7362057a9bba,fc7b44dcbcc3cdae,MANUAL,,,21,,否,,889912,中国银行,收单行A,TERM932143,0,unknown
T000020240850,622202******7267,赵*龙,4032**********1256,198****9384,2024-10-06 05:00:00,529.91,CNY,M841666,华润万家,5812,消费,MOBILE,中国,四川省,郑州,684d47e089d38b3d,02fd2ae3ac86a26b,ECOM,,,1,,否,,331356,交通银行,收单行C,TERM313824,0,unknown
T000020243575,622202******5136,尤*峰,1269**********5447,171****9850,2024-10-06 12:00:00,64.79,CNY,M383201,饿了么,5541,转账,APP,中国,湖北省,广州,6cf4bff2d60ca1b6,3039172c7069c65f,MAG,3.0,,28,,否,,313718,交通银行,收单行B,TERM268671,1,chargeback
T000020241769,622202******7267,陶*飞,1457**********8668,132****7321,2024-10-06 20:00:00,64.09,CNY,M260422,京东商城,5812,消费,ECOM,中国,四川省,成都,df9bdd779a39bc06,66fe43258d9cb0a5,CONTACTLESS,,,30,,否,,751071,交通银行,银联,TERM951697,0,unknown
T000020242494,622202******0953,卫*亮,5609**********9830,187****1718,2024-10-07 00:00:00,353.54,CNY,M612311,屈臣氏,5311,消费,ECOM,中国,浙江省,武汉,a2710a891b3ae8da,907f176e07bc8f4d,ECOM,,,7,,否,,397607,浦发银行,收单行B,TERM723840,0,unknown
T000020242601,622202******3370,钱*超,6200**********9921,172****0025,2024-10-07 02:00:00,542.0,CNY,M993085,肯德基,4111,消费,APP,中国,北京市,广州,38294573e357eec1,2bb57b2dfb44711e,CONTACTLESS,,25.92,24,,否,,897970,中信银行,收单行B,TERM631893,0,unknown
T000020241289,622202******6976,李*浩,3406**********9389,173****0471,2024-10-07 11:00:00,83.32,CNY,M190872,星巴克,4511,消费,POS,中国,山东省,北京,a1cfc0ac69f935c7,63cc66ea5d5a3c30,CONTACTLESS,,,18,,否,,289110,交通银行,收单行A,TERM657322,0,unknown
T000020243380,622202******4844,赵*健,5407**********6175,186****9187,2024-10-07 15:00:00,250.18,CNY,M894993,天猫超市,5541,消费,QR,中国,北京市,成都,8ac25b4be022b64e,a83dafd3302aea26,MANUAL,,,29,,否,,339132,中国银行,收单行A,TERM107744,1,chargeback
T000020242425,622202******2947,施*俊,2469**********5064,154****8895,2024-10-07 21:00:00,830.86,CNY,M611233,华润万家,5691,转账,QR,中国,上海市,成都,1643b70441186dcd,a907e2f2f540e393,ECOM,,,0,,否,,595572,浦发银行,收单行A,TERM702263,0,unknown
T000020242637,622202******1493,金*阳,1836**********1185,135****2119,2024-10-08 11:00:00,18.27,CNY,M835244,麦当劳,5211,消费,QR,中国,北京市,北京,7795d4b603c92c92,b9f3c77f7560f9ac,MAG,,,55,,是,真实交易,714842,建设银行,收单行B,TERM432084,0,manual
T000020241954,622202******6976,郑*健,2249**********6044,193****0331,2024-10-09 03:00:00,483.84,CNY,M721254,天猫超市,4511,消费,APP,中国,上海市,深圳,20f831c47adfd45e,0ebfb8b186eece24,MANUAL,6.0,9.39,8,,否,,926159,浦发银行,收单行C,TERM641342,0,unknown
T000020240680,622202******8607,蒋*浩,5967**********3029,133****9054,2024-10-09 17:00:00,616.66,CNY,M497399,沃尔玛,5691,消费,MOBILE,中国,广东省,上海,b54bd3a2179a16e7,c7ff243f102d9f33,MAG,6.0,25.62,22,,否,,194782,招商银行,收单行A,TERM505343,1,chargeback
T000020243595,622202******6617,曹*民,3755**********1003,174****5631,2024-10-10 08:00:00,101.35,CNY,M993085,肯德基,5691,转账,APP,中国,湖北省,杭州,40e3a49f328d63be,85c7514217410926,MAG,6.0,,1,,否,,446172,浦发银行,收单行C,TERM758953,0,unknown
T000020243550,622202******8082,杨*民,4562**********8701,188****8612,2024-10-10 16:00:00,552.4,CNY,M526170,麦当劳,5411,消费,ECOM,中国,河南省,青岛,1124ec234591befb,c8a945f3c669d7a4,ECOM,,27.07,12,,否,,388225,工商银行,银联,TERM924915,0,unknown
T000020243202,622202******9823,吕*阳,2763**********9932,153****3647,2024-10-10 18:00:00,1677.45,CNY,M353080,星巴克,5691,消费,MOBILE,中国,山东省,上海,034ea351d0c177f9,a125b65d97851087,MANUAL,6.0,,9,,否,,664881,中信银行,银联,TERM568512,0,unknown
T000020242428,622202******2787,朱*平,4672**********8161,178****1641,2024-10-11 06:00:00,167.36,CNY,M393243,中国石化,5812,消费,APP,中国,广东省,北京,0e38ea14c8f762ad,081d65055ee02f6b,MAG,3.0,,6,,是,真实交易,136422,招商银行,收单行C,TERM888895,0,manual
T000020243046,622202******6976,华*晨,5831**********1277,197****6193,2024-10-12 11:00:00,13.79,CNY,M587282,饿了么,5411,消费,POS,中国,北京市,深圳,2de90ff1ac058599,6b329405e02d48e4,MAG,6.0,,7,,否,,594684,招商银行,收单行A,TERM378769,1,chargeback
T000020240744,622202******2688,陶*林,6149**********3327,199****1508,2024-10-12 20:00:00,163.29,CNY,M290672,肯德基,5211,消费,QR,中国,北京市,郑州,f1c1107328a47b8a,f53421a31281990a,CHIP,,,18,,否,,707784,招商银行,收单行A,TERM460234,0,unknown
T000020241451,622202******8334,郑*东,1513**********2695,136****9810,2024-10-12 22:00:00,201.94,CNY,M611233,天猫超市,4111,消费,APP,中国,河南省,杭州,0c8417fc4990b1db,0a507b4897550d79,MANUAL,,,15,,否,,259033,招商银行,银联,TERM187280,0,unknown
T000020241318,622202******6714,钱*杰,4713**********3655,153****2197,2024-10-12 23:00:00,134.7,CNY,M440802,去哪儿,5812,消费,POS,中国,浙江省,北京,c574eb0b5eff4858,0039cee551ad8d2b,CHIP,,,24,,否,,769975,中国银行,收单行A,TERM242712,1,chargeback
T000020243429,622202******3481,陈*飞,4914**********7829,173****1205,2024-10-13 07:00:00,1520.3,CNY,M437960,中国石化,5691,消费,MOBILE,中国,江苏省,广州,21d6338599e5bf9d,398b8d52de6f7ab2,ECOM,24.0,,77,R003,否,,118668,工商银行,收单行C,TERM473023,1,chargeback
T000020242422,622202******0953,何*林,4068**********4824,171****3753,2024-10-13 15:00:00,61.68,CNY,M260422,美团外卖,4111,消费,ECOM,中国,广东省,广州,91df236626d57f28,9e66b76c601c1bdd,CHIP,,,17,,否,,455951,中国银行,收单行B,TERM196292,0,unknown
T000020241276,622202******7195,姜*超,2471**********8725,159****6594,2024-10-14 06:00:00,254.46,CNY,M110644,京东商城,5812,消费,POS,中国,上海市,成都,b7ea3a8f2a7f250a,dfeffc6fba8e996d,ECOM,12.0,11.4,0,,否,,505376,招商银行,收单行B,TERM223548,0,unknown
T000020241354,622202******2817,吕*浩,3679**********4281,155****1285,2024-10-14 19:00:00,115.8,CNY,M835244,天猫超市,5411,消费,MOBILE,中国,北京市,成都,56c6bd866db15b32,6991c7f08163b1e8,ECOM,3.0,4.26,25,,否,,954518,招商银行,收单行C,TERM964521,0,unknown
T000020243469,622202******2079,吕*民,5776**********7749,153****1937,2024-10-15 08:00:00,436.1,CNY,M947458,美团外卖,5411,消费,MOBILE,中国,福建省,上海,63466980509977f8,1382e3490e01961d,CHIP,,,14,,否,,415055,农业银行,收单行C,TERM900353,0,unknown
T000020241616,622202******7625,魏*辉,4183**********8502,191****0523,2024-10-15 19:00:00,731.76,CNY,M556641,肯德基,5211,消费,APP,中国,上海市,杭州,0f0cdf5cb658eb74,17d3e37f95d02454,MANUAL,,,1,,否,,689308,中国银行,银联,TERM817523,0,unknown
T000020242671,622202******5918,赵*辉,1905**********5216,156****4094,2024-10-16 00:00:00,801.1,CNY,M497399,拼多多,5999,消费,QR,中国,福建省,广州,7398634bbc1bb12a,e90086824fe87126,CONTACTLESS,,26.85,11,,否,,417181,交通银行,收单行C,TERM924304,0,unknown
T000020242989,622202******7213,尤*国,2791**********9482,191****5055,2024-10-16 06:00:00,851.53,CNY,M721254,京东商城,5211,消费,POS,中国,浙江省,成都,da8e9c311a5ddc3e,618176a22f73594a,CHIP,3.0,,22,,否,,836099,交通银行,银联,TERM250326,1,chargeback
T000020242374,622202******5822,金*龙,3198**********1456,184****3892,2024-10-16 13:00:00,670.12,CNY,M855053,去哪儿,5541,消费,QR,中国,江苏省,北京,2779c9f0162ac7dc,d9f89af092b65938,MANUAL,12.0,29.18,29,,否,,467151,建设银行,收单行A,TERM806359,0,unknown
T000020241693,622202******1308,姜*峰,2772**********5404,189****0930,2024-10-16 16:00:00,632.7,CNY,M866536,支付宝,5311,消费,ECOM,中国,福建省,南京,081638db1fd9a3b3,0aaa77ceffae37b0,CONTACTLESS,,,19,,否,,233700,招商银行,银联,TERM141026,0,unknown
T000020242071,622202******3633,曹*阳,3559**********5700,134****1078,2024-10-16 23:00:00,143.61,CNY,M260422,海澜之家,5999,消费,APP,中国,湖北省,郑州,56b609d2a70c90bf,fcc23ce0591b37da,MAG,3.0,,16,,否,,257044,浦发银行,收单行A,TERM375433,1,chargeback
T000020243435,622202******8607,吴*泽,1937**********6036,191****6216,2024-10-17 14:00:00,4014.58,CNY,M697530,屈臣氏,4511,消费,MOBILE,中国,四川省,北京,8238ad297b7eb65b,8351f1fbe1838e7c,CHIP,,,17,,否,,987704,建设银行,收单行C,TERM498307,0,unknown
T000020242575,622202******6957,姜*俊,3127**********3926,135****6674,2024-10-17 18:00:00,118.48,CNY,M739979,饿了么,5691,消费,QR,中国,山东省,成都,57aafcb5cf61382e,5c8734458ceec91b,CHIP,6.0,,22,,否,,900289,浦发银行,银联,TERM372601,1,chargeback
T000020241236,622202******9823,赵*龙,1242**********2207,194****8414,2024-10-18 03:00:00,68.2,CNY,M357420,中国石化,5691,消费,MOBILE,中国,浙江省,郑州,fe089d65c5018d0e,2ed9d03efa86079d,MANUAL,,3.16,29,,否,,154351,浦发银行,收单行B,TERM143547,1,chargeback
T000020240970,622202******7239,郑*东,2694**********2940,197****2641,2024-10-18 04:00:00,1101.94,CNY,M606983,屈臣氏,5211,消费,MOBILE,中国,广东省,广州,a414bcf2d13ac87f,1e9b4be5459f9c18,CHIP,,24.51,9,,否,,892381,工商银行,收单行B,TERM499454,1,chargeback
T000020241592,622202******8483,魏*林,5926**********1484,152****0621,2024-10-18 07:00:00,203.36,CNY,M452737,屈臣氏,5211,消费,MOBILE,中国,福建省,杭州,b5f846b5c8666297,0adbe4a255c35d52,ECOM,,3.42,19,,否,,277523,招商银行,收单行A,TERM331772,1,chargeback
T000020241727,622202******1853,孔*海,4326**********6440,187****1983,2024-10-18 11:00:00,56.97,CNY,M357420,海澜之家,5411,转账,POS,中国,河南省,杭州,c5c5e437d89e0561,3e0f37eb9879b827,MAG,,,1,,否,,272745,招商银行,收单行C,TERM441004,0,unknown
T000020242316,622202******7239,褚*博,3199**********5265,175****8628,2024-10-18 19:00:00,46.62,CNY,M381433,海澜之家,5311,消费,MOBILE,中国,上海市,成都,447eae7d29dae64f,cc461d494465137e,MAG,6.0,,29,,否,,154789,工商银行,银联,TERM932971,0,unknown
T000020242798,622202******6751,冯*鹏,6559**********2562,133****7720,2024-10-18 23:00:00,4761.98,CNY,M965845,携程旅行,5211,预授权,APP,中国,广东省,北京,05311b6cef4dcf69,11f72b8f96455e86,CHIP,,,75,"R002,R003",否,,734091,浦发银行,银联,TERM213289,2,rule
T000020243160,622202******1802,华*健,1358**********5823,178****2845,2024-10-19 13:00:00,224.73,CNY,M800646,滴滴出行,5691,消费,APP,中国,广东省,杭州,9f28cd723241ccc9,1df5b9be14e82d5b,CONTACTLESS,,3.91,12,R004,否,,215758,中信银行,银联,TERM444524,1,chargeback
T000020241125,622202******0541,卫*超,5658**********9751,179****1442,2024-10-19 19:00:00,35.16,CNY,M392477,去哪儿,5999,消费,POS,中国,北京市,上海,8ac25b4be022b64e,71572782c03cf774,MAG,24.0,,28,,否,,824410,农业银行,收单行B,TERM269225,1,chargeback
T000020241226,622202******2787,严*辉,4714**********9981,153****5530,2024-10-20 09:00:00,314.05,CNY,M866536,屈臣氏,5691,消费,APP,中国,广东省,郑州,8d6f9c80d1ecdf50,0ad9fa48eb02cd8c,ECOM,,,14,,否,,554901,工商银行,收单行C,TERM227316,1,chargeback
T000020241170,622202******6751,沈*超,5747**********9388,158****9090,2024-10-20 12:00:00,147.4,CNY,M383201,星巴克,4111,消费,ECOM,中国,山东省,杭州,6df5a402610319e2,c9bd2eae39a7b42e,MAG,3.0,,15,,否,,752936,建设银行,收单行C,TERM302376,0,unknown
T000020242607,622202******1802,王*博,2319**********9284,179****3697,2024-10-20 19:00:00,173.85,CNY,M947458,星巴克,4111,预授权,ECOM,中国,上海市,成都,d99ca51e2e8b2a83,f4fcf01e33efa8f0,CHIP,,5.03,0,,否,,438786,中信银行,收单行A,TERM829456,1,chargeback
T000020241593,622202******4140,赵*兵,2116**********1706,177****0655,2024-10-21 00:00:00,545.39,CNY,M284692,肯德基,5814,消费,APP,中国,山东省,青岛,0369b19021a80f0e,3c1c5e945ef3032c,MANUAL,,11.71,30,,否,,455589,建设银行,收单行A,TERM402024,0,unknown
T000020240781,622202******1744,王*峰,5662**********2941,158****3203,2024-10-21 03:00:00,311.98,CNY,M472060,支付宝,4111,预授权,POS,中国,福建省,广州,2c5af2a8b4030c55,26442464f9c0c575,MAG,,,18,,否,,396712,中国银行,银联,TERM289131,1,chargeback
T000020243408,622202******3178,姜*华,4450**********9976,135****2669,2024-10-22 14:00:00,139.3,CNY,M572700,优衣库,5211,转账,ECOM,中国,湖北省,北京,f558f2eef9667d58,662a7f1c48ae7ce7,CONTACTLESS,,,26,,否,,736634,中国银行,收单行A,TERM821250,0,unknown
T000020242044,622202******4411,张*龙,5646**********6447,188****7049,2024-10-23 14:00:00,245.49,USD,M739979,海澜之家,5311,取现,MOBILE,中国,江苏省,上海,cf329828f339a610,a476ef33d20621d9,MAG,6.0,,28,,否,,124356,中信银行,银联,TERM548458,1,chargeback
T000020243474,622202******8586,褚*华,4963**********2859,132****4242,2024-10-24 02:00:00,312.34,CNY,M647091,滴滴出行,5999,消费,ECOM,中国,湖北省,杭州,0369b19021a80f0e,639b755df5d86a5b,CONTACTLESS,,,14,,否,,954391,中国银行,银联,TERM230493,0,unknown
T000020241089,622202******6976,韩*博,3490**********7322,191****0203,2024-10-25 01:00:00,108.13,CNY,M587282,中国石化,5814,取现,MOBILE,中国,广东省,成都,f90aa51aaa6c7b46,393c0c57e7674e46,MAG,,,8,,否,,887667,中国银行,收单行C,TERM365518,0,unknown
T000020242531,622202******0117,严*民,5058**********5078,181****3276,2024-10-25 18:00:00,130.15,CNY,M947458,支付宝,4511,消费,APP,中国,湖北省,武汉,f31309da105577d6,7e7eb2ac2ec0b1e7,CONTACTLESS,,,0,,否,,737430,农业银行,银联,TERM681716,1,chargeback
T000020242928,622202******4792,朱*峰,4261**********8710,172****6365,2024-10-25 20:00:00,276.66,CNY,M721254,京东商城,5541,取现,QR,中国,山东省,郑州,defeb0075ba49159,21430c4b10999a94,CONTACTLESS,,,20,,否,,648220,工商银行,银联,TERM189390,0,unknown
T000020242040,622202******7136,许*龙,6295**********2145,181****5733,2024-10-26 04:00:00,753.31,CNY,M782054,沃尔玛,5541,消费,QR,中国,上海市,上海,2ecbdc189cea40b2,1a6a94994e3df33f,CONTACTLESS,3.0,33.77,88,"R002,R003",是,确认欺诈,913814,农业银行,收单行C,TERM554262,1,manual
T000020242296,622202******7639,施*浩,1551**********6293,176****9289,2024-10-26 06:00:00,625.98,CNY,M370902,中国石油,4511,消费,POS,中国,河南省,上海,0db97f43811b2f0f,8f59476e22dd3400,CHIP,,,10,,否,,675306,中信银行,收单行C,TERM751764,0,unknown
T000020242761,622202******6327,褚*海,3572**********6810,192****6659,2024-10-26 19:00:00,66.6,CNY,M971084,携程旅行,5812,消费,POS,中国,广东省,广州,2779c9f0162ac7dc,1b5bf6bc9a70c92c,ECOM,6.0,2.01,22,,否,,692932,交通银行,收单行A,TERM506735,0,unknown
T000020242237,622202******4351,华*鹏,5172**********6657,197****5189,2024-10-26 21:00:00,110.18,CNY,M606983,京东商城,5541,消费,QR,中国,江苏省,武汉,930a1a0be5633b6d,4687ea5a99c68d07,CONTACTLESS,,,25,,否,,773588,招商银行,收单行B,TERM694234,0,unknown
T000020243528,622202******8464,张*海,5788**********3814,137****1854,2024-10-27 04:00:00,849.27,CNY,M110644,麦当劳,4111,消费,ECOM,中国,上海市,成都,c2530df22e5e2620,fd6ff7774c90a9d2,CONTACTLESS,,10.51,7,,否,,259174,招商银行,收单行B,TERM483210,1,chargeback
T000020240918,622202******8259,吴*浩,4912**********8367,151****9705,2024-10-27 10:00:00,638.79,CNY,M912270,华润万家,5311,消费,APP,中国,江苏省,深圳,0f0cdf5cb658eb74,ee699ce39edaf002,CONTACTLESS,,,8,,否,,628236,招商银行,收单行A,TERM638205,0,unknown
T000020241883,622202******2531,吕*博,5916**********9820,199****2910,2024-10-27 15:00:00,285.04,CNY,M782054,优衣库,5691,消费,ECOM,中国,江苏省,武汉,49cd58ee9ecca77e,a3571a8f6cc1b4eb,MANUAL,,,5,,否,,800524,中国银行,银联,TERM875525,0,unknown
T000020242369,622202******9983,曹*飞,2072**********9362,135****1370,2024-10-27 16:00:00,1103.33,CNY,M971084,支付宝,5411,消费,QR,中国,福建省,郑州,bfc680feb53d786b,3b6dba4be6a6f4c5,CHIP,,,12,,否,,878992,交通银行,收单行B,TERM835829,0,unknown
T000020242838,622202******8066,李*飞,6353**********6498,177****3862,2024-10-27 23:00:00,23.17,CNY,M437960,天猫超市,5999,消费,APP,中国,江苏省,上海,d2b686c385a17801,3b3e4c945e9d4fde,CHIP,,,24,,否,,760340,工商银行,银联,TERM490119,0,unknown
T000020242264,622202******5918,严*东,4507**********3490,196****4148,2024-10-28 03:00:00,348.52,CNY,M869440,天猫超市,4111,消费,APP,中国,北京市,北京,39bda7a9da9c46a9,8623e3924e28d6b9,CONTACTLESS,,,15,,否,,491530,工商银行,收单行C,TERM774458,0,unknown
T000020243518,622202******6973,蒋*俊,4063**********4979,193****1293,2024-10-28 23:00:00,1022.29,CNY,M947458,去哪儿,5311,消费,QR,中国,山东省,成都,b7a8383324207b75,6485e02443c2f663,MANUAL,,,28,,否,,874841,建设银行,收单行B,TERM126050,0,unknown
T000020242358,622202******2475,冯*林,3205**********7307,193****4798,2024-10-29 01:00:00,717.02,CNY,M383201,星巴克,4511,取现,QR,中国,江苏省,郑州,91df236626d57f28,d42018528517404b,MAG,6.0,,0,,否,,741461,交通银行,银联,TERM122969,0,unknown
T000020242085,622202******5325,沈*晨,4706**********4110,174****4891,2024-10-29 08:00:00,14.14,CNY,M526170,中国石化,4511,消费,APP,中国,北京市,南京,3bc74393b51fdacb,24b13cf8bec96627,CHIP,,,18,,否,,849747,工商银行,银联,TERM263929,0,unknown
T000020242482,622202******6735,严*勇,3723**********4008,191****0404,2024-10-29 09:00:00,271.76,CNY,M682144,去哪儿,5691,消费,POS,中国,四川省,武汉,471078334e55a945,650303d8d45d6202,CONTACTLESS,,,11,,否,,177255,农业银行,收单行A,TERM836904,0,unknown
T000020241561,622202******6459,褚*杰,3721**********1064,189****1019,2024-10-29 22:00:00,89.35,CNY,M392477,肯德基,5541,转账,MOBILE,中国,广东省,杭州,2c2894895a1b2e42,9238ca06ea1a996c,MANUAL,12.0,,19,,否,,940368,交通银行,收单行C,TERM595226,1,chargeback
T000020243055,622202******6178,孔*俊,1736**********9457,188****7939,2024-10-30 06:00:00,465.68,CNY,M721254,美团外卖,4111,消费,APP,中国,广东省,青岛,e47d1485ad128172,57d56b14bf29f40b,MAG,,,27,,否,,575651,建设银行,收单行A,TERM872930,0,unknown
T000020242397,622202******9376,施*鹏,4373**********5230,139****7494,2024-10-30 14:00:00,64.37,CNY,M682144,微信支付,5812,消费,ECOM,中国,江苏省,杭州,20f831c47adfd45e,b40d1bffc003ad52,MANUAL,3.0,0.31,27,,否,,157640,工商银行,收单行A,TERM331477,1,chargeback
T000020242123,622202******5537,尤*凯,6342**********3926,139****0060,2024-10-30 21:00:00,81.1,CNY,M189771,天猫超市,4511,消费,ECOM,中国,山东省,深圳,20c22e9c4a8b70fe,3e1057ab47300a35,MANUAL,,,10,,否,,297331,工商银行,银联,TERM693782,1,chargeback
T000020241968,622202******3008,卫*健,1387**********8051,173****7541,2024-10-31 03:00:00,2654.51,CNY,M110644,支付宝,5541,转账,ECOM,中国,湖北省,深圳,9921aba53599469f,d3f0e727af206d32,MANUAL,6.0,,15,,否,,327528,建设银行,收单行A,TERM577553,0,unknown
T000020241479,622202******3204,孔*飞,2418**********8291,155****0862,2024-10-31 15:00:00,344.69,CNY,M353080,滴滴出行,5211,消费,QR,中国,福建省,南京,f90aa51aaa6c7b46,ddef9a09fbdaf634,MANUAL,,,7,,否,,303086,招商银行,收单行A,TERM918825,0,unknown
T000020243368,622202******8586,李*亮,3448**********6692,151****7123,2024-10-31 17:00:00,442.32,CNY,M393243,支付宝,5311,预授权,QR,中国,上海市,北京,69ceca0cbe676df1,fba43bad1721194d,ECOM,,0.5,15,,否,,429766,中国银行,收单行C,TERM980117,0,unknown
T000020242944,622202******3063,沈*凯,4987**********6269,198****9670,2024-10-31 18:00:00,2565.01,CNY,M697530,星巴克,4511,取现,POS,中国,上海市,上海,41b133839d43e0e3,19105c4580701c87,CHIP,,102.79,15,,否,,549076,浦发银行,银联,TERM933292,1,chargeback
T000020243378,622202******1493,郑*飞,2671**********7820,154****5920,2024-11-01 05:00:00,104.57,HKD,M912270,饿了么,4511,消费,POS,中国,浙江省,杭州,33f773577d6ca975,43caf530e5e17b7c,MAG,,,14,,否,,899052,建设银行,收单行A,TERM434247,0,unknown
T000020243546,622202******7665,冯*峰,6377**********5423,192****1937,2024-11-01 22:00:00,57.65,CNY,M855053,优衣库,5812,消费,ECOM,中国,北京市,南京,2bdad827f5d6e265,fbdbfce0738b5199,CHIP,,,30,,否,,691162,交通银行,收单行B,TERM741928,0,unknown
T000020243213,622202******8563,褚*杰,1163**********3462,137****5572,2024-11-01 23:00:00,333.5,CNY,M452737,天猫超市,5814,消费,QR,中国,湖北省,北京,577951b2de11c3f1,a69a849b28492608,MAG,,,64,,是,可疑待确认,375820,建设银行,收单行C,TERM715269,2,manual
T000020243489,622202******9868,周*勇,2246**********8714,134****5158,2024-11-02 09:00:00,49.72,CNY,M912270,华润万家,5541,取现,MOBILE,中国,山东省,上海,a6294fb9d5b14bf7,e270d6964ce31a70,CONTACTLESS,,,1,,否,,911252,中国银行,银联,TERM357270,0,unknown
T000020242407,622202******0294,卫*华,2622**********8939,173****9016,2024-11-02 19:00:00,14386.87,CNY,M618317,饿了么,4111,消费,POS,中国,山东省,郑州,e4d02c10f7ada95d,fd7690593df4ad49,MANUAL,,,22,,否,,913139,中国银行,银联,TERM299467,0,unknown
T000020242116,622202******6976,孔*俊,2506**********6947,197****4901,2024-11-03 13:00:00,161.15,CNY,M440802,中国石化,5211,消费,QR,中国,江苏省,上海,efcfd2158be5555e,585996b703a25f59,CHIP,3.0,,16,,否,,827540,中信银行,收单行A,TERM967131,1,chargeback
