txn_id,card_no,cardholder_name,id_card,phone,txn_amount,currency,merchant_id,merchant_name,mcc,txn_type,channel,country,province,city,device_id,ip,pos_entry_mode,installment,cashback,risk_score,rule_hit,manual_review,manual_result,auth_code,issuer_bank,acquirer_bank,terminal_id,fraud_label,label_source
T000020240857,6222029786748825,许杰健,274417197702899544,18234360915,4847.27,CNY,M526170,星巴克,4511,消费,ECOM,中国,北京市,郑州,DEV00000029,57.200.94.211,ECOM,,167.82,29,,否,,600607,交通银行,银联,TERM967438,0,unknown
T000020241432,6222023880327491,许玲晨,378365200503643110,18285669527,51.54,CNY,M993085,天猫超市,5411,消费,APP,中国,上海市,深圳,DEV00000108,108.5.231.35,MAG,,1.92,19,,否,,654641,中国银行,收单行A,TERM839654,0,unknown
T000020242332,6222027292076361,秦秀华,548118198511615912,15465144040,104.82,CNY,M381433,海澜之家,5541,消费,ECOM,中国,四川省,南京,DEV00000204,149.118.2.223,ECOM,,3.5,11,,否,,667177,中信银行,收单行B,TERM218896,0,unknown
T000020243247,6222029677466102,赵军浩,271700199506504628,13263149188,130.5,CNY,M130094,华润万家,5999,取现,APP,中国,浙江省,杭州,DEV00000140,59.61.116.209,CHIP,12.0,,28,,否,,911408,招商银行,银联,TERM280474,0,unknown
T000020243417,6222023553440342,周强兵,272574197102525239,15526539576,3670.51,CNY,M947458,支付宝,5691,消费,MOBILE,中国,四川省,成都,DEV00000353,196.214.133.18,MANUAL,6.0,49.77,13,,否,,971729,工商银行,银联,TERM665128,0,unknown
T000020242084,6222029697354961,韩艳平,139911197111107186,15867185393,620.17,CNY,M965845,肯德基,5814,消费,QR,中国,北京市,北京,DEV00000086,53.254.113.214,MANUAL,,,15,,否,,374433,中国银行,收单行B,TERM780513,0,unknown
T000020242694,6222023361388464,郑静林,623704196207151334,17863809501,323.91,CNY,M587282,屈臣氏,5691,消费,APP,中国,江苏省,深圳,DEV00000118,122.153.25.96,MAG,,,2,,否,,863585,工商银行,收单行B,TERM148751,0,unknown
T000020243588,6222029807209816,沈燕林,224677196611855788,17745346516,1476.25,CNY,M284692,携程旅行,5541,消费,APP,中国,北京市,成都,DEV00000117,110.166.163.235,CHIP,,,28,,否,,488297,中国银行,收单行C,TERM223371,0,unknown
T000020242626,6222021116402431,秦平亮,280817197010162639,19960218471,386.55,CNY,M886931,中国石油,4111,消费,ECOM,中国,江苏省,南京,DEV00000252,14.28.212.238,ECOM,,,22,,否,,941604,工商银行,收单行B,TERM950127,0,unknown
T000020242432,6222029597198563,曹丽俊,231423196502157921,19984337438,199.43,HKD,M383201,华润万家,5311,消费,QR,中国,湖北省,南京,DEV00000307,58.94.143.229,ECOM,,,10,,否,,337605,招商银行,收单行C,TERM310609,0,unknown
T000020243275,6222028982597239,陶秀凯,502635198808978616,19869942130,46.04,CNY,M353080,滴滴出行,4111,消费,MOBILE,中国,北京市,郑州,DEV00000018,91.73.18.157,MANUAL,,,27,,否,,768758,浦发银行,收单行B,TERM289601,0,unknown
T000020240933,6222025419627962,陶洋超,508325196002336609,15432117242,132.81,CNY,M835244,饿了么,4111,消费,QR,中国,河南省,成都,DEV00000312,200.61.100.92,MANUAL,,,16,,否,,112793,中国银行,收单行B,TERM481220,0,unknown
T000020241760,6222024026113008,冯秀华,410727198311603123,13611979451,225.86,CNY,M556732,美团外卖,5311,消费,APP,中国,山东省,武汉,DEV00000094,213.138.229.250,CONTACTLESS,,,25,,否,,383132,中信银行,收单行B,TERM254592,0,unknown
T000020242788,6222028086172302,金勇辉,471354197001742635,19691237967,57.64,CNY,M355709,星巴克,5812,消费,APP,中国,北京市,深圳,DEV00000044,14.228.221.250,MAG,24.0,1.49,27,,否,,543222,浦发银行,收单行C,TERM355565,0,unknown
T000020242068,6222023328710672,陶华峰,365052199401806229,13370737451,991.83,CNY,M556641,屈臣氏,5311,消费,QR,中国,北京市,深圳,DEV00000333,153.5.59.239,MANUAL,,,19,,否,,262470,工商银行,银联,TERM458655,0,unknown
T000020242398,6222027380780055,郑军平,635127199211291191,18969884758,630.42,CNY,M587282,饿了么,5411,预授权,MOBILE,中国,福建省,北京,DEV00000245,85.120.9.247,ECOM,12.0,,23,,否,,584371,农业银行,收单行B,TERM497653,0,unknown
T000020241472,6222026009268066,曹军平,424984200502428934,13112181793,212.71,CNY,M606983,去哪儿,5211,消费,APP,中国,四川省,成都,DEV00000289,24.58.245.75,CHIP,,,20,,否,,217455,中国银行,收单行B,TERM919694,0,unknown
T000020242604,6222024642197907,王英辉,549157196401732491,13668972654,2875.72,CNY,M800646,美团外卖,5999,消费,MOBILE,中国,北京市,北京,DEV00000100,88.70.229.250,ECOM,,,3,,否,,442707,浦发银行,收单行A,TERM633524,0,unknown
T000020241279,6222023980491761,华军海,337027196202525113,19197861794,331.44,CNY,M936587,京东商城,4111,消费,APP,中国,浙江省,杭州,DEV00000297,168.42.12.13,CONTACTLESS,,,2,,否,,140530,农业银行,银联,TERM994661,0,unknown
T000020243002,6222025646751885,张军阳,496755199604594602,17403979281,101.32,USD,M835244,滴滴出行,5541,消费,ECOM,中国,河南省,广州,DEV00000088,24.38.38.158,CONTACTLESS,,4.3,68,,是,可疑待确认,618911,农业银行,收单行B,TERM696210,2,manual
T000020243529,6222022960488639,施涛晨,199216197407266744,15141835038,422.69,USD,M641722,中国石化,5541,消费,MOBILE,中国,河南省,青岛,DEV00000123,223.161.223.108,CONTACTLESS,6.0,,20,,否,,254143,浦发银行,收单行B,TERM997669,0,unknown
T000020243284,6222022139027119,褚鹏飞,289414199307652426,18773375441,128.51,CNY,M612311,中国石化,5311,消费,POS,中国,河南省,杭州,DEV00000169,102.169.129.105,ECOM,,,8,,否,,507265,交通银行,收单行C,TERM960008,0,unknown
T000020241072,6222024226113732,吴华健,133467198605683129,15402149641,25.59,CNY,M383201,美团外卖,5999,消费,ECOM,中国,四川省,郑州,DEV00000164,67.81.3.57,CONTACTLESS,,0.02,30,,否,,480828,浦发银行,银联,TERM691845,0,unknown
T000020241606,6222026923301988,赵强亮,628471196402206125,15998383025,212.66,CNY,M855053,屈臣氏,5691,预授权,QR,中国,四川省,上海,DEV00000082,26.65.63.199,CONTACTLESS,,,2,,否,,764704,招商银行,收单行C,TERM866519,0,unknown
T000020242104,6222029592390865,尤静勇,478925196707328531,17553623365,475.02,CNY,M800646,麦当劳,5411,转账,APP,中国,福建省,青岛,DEV00000107,140.144.167.250,MAG,,,9,,否,,640472,农业银行,收单行B,TERM626100,0,unknown
T000020242357,6222021654477195,周霞鹏,197438200208541296,18652112715,54.3,CNY,M130094,屈臣氏,5999,消费,QR,中国,四川省,上海,DEV00000046,28.46.41.98,MANUAL,24.0,,1,,否,,309407,招商银行,收单行A,TERM686674,0,unknown
T000020241836,6222021594312071,张建飞,320357197403086244,19120865913,157.85,CNY,M437960,京东商城,5211,消费,MOBILE,中国,上海市,广州,DEV00000153,27.200.72.175,MANUAL,,5.63,7,,否,,551437,中国银行,收单行A,TERM381007,0,unknown
T000020242720,6222023376077463,周兰俊,444472199303451388,13183038564,6930.6,CNY,M497399,微信支付,4111,预授权,QR,中国,四川省,郑州,DEV00000236,93.32.91.67,CONTACTLESS,,,92,"R002,R003",否,,697771,招商银行,收单行A,TERM838186,1,chargeback
T000020242497,6222026633778586,蒋飞国,320984200406488528,15226375654,125.1,CNY,M886931,京东商城,5999,消费,POS,中国,福建省,北京,DEV00000109,144.113.51.196,MAG,,5.46,9,,否,,871659,招商银行,收单行B,TERM627306,0,unknown
T000020242998,6222024700855390,周艳博,249320199506115029,19670118931,166.96,CNY,M912270,中国石油,5999,消费,POS,中国,河南省,深圳,DEV00000346,181.248.215.123,ECOM,,0.45,4,,否,,341646,交通银行,银联,TERM101645,0,unknown
T000020242054,6222027249213370,尤刚超,568482196306107841,13132508503,183.67,CNY,M284692,华润万家,5814,消费,MOBILE,中国,四川省,深圳,DEV00000368,152.244.27.78,CONTACTLESS,,,5,,否,,669110,中信银行,银联,TERM173253,0,unknown
T000020241373,6222025078551333,孙建华,489212198007215314,15785742036,105.09,CNY,M912270,滴滴出行,5311,消费,APP,中国,河南省,广州,DEV00000275,121.252.52.87,MANUAL,6.0,0.74,18,,否,,102802,招商银行,收单行A,TERM610527,0,unknown
T000020243307,6222028086172302,华强博,157021198708719977,13308377181,252.57,CNY,M993085,天猫超市,5814,消费,POS,中国,广东省,成都,DEV00000210,82.63.195.59,CONTACTLESS,,,28,,否,,796034,农业银行,收单行B,TERM947557,0,unknown
T000020243044,6222029963334018,陶超健,624001198408786224,17256609499,129.65,CNY,M381433,沃尔玛,5211,转账,ECOM,中国,四川省,深圳,DEV00000205,97.200.145.89,CHIP,,,27,,否,,218841,建设银行,收单行C,TERM381143,0,unknown
T000020242166,6222021104906255,冯华林,475422197111634894,13446519770,295.4,CNY,M912270,屈臣氏,5814,消费,MOBILE,中国,广东省,北京,DEV00000373,14.24.89.6,MANUAL,,,30,,否,,722821,农业银行,收单行B,TERM137756,1,chargeback
T000020241064,6222026583444930,孔鹏龙,217216198502093976,18229847349,403.13,CNY,M739979,携程旅行,5812,取现,ECOM,中国,广东省,成都,DEV00000235,176.110.101.114,MAG,12.0,,14,,否,,295190,工商银行,收单行C,TERM290619,0,unknown
T000020243219,6222022960488639,孙军龙,414994196111011372,15541401861,40.39,CNY,M866536,肯德基,5814,消费,MOBILE,中国,湖北省,南京,DEV00000337,110.21.55.129,ECOM,3.0,,12,,否,,649080,建设银行,收单行C,TERM430984,0,unknown
T000020241711,6222021798112150,李霞浩,422684199301768769,13295578761,54.41,CNY,M290672,沃尔玛,5311,消费,ECOM,中国,湖北省,南京,DEV00000312,196.49.166.75,ECOM,,,22,,否,,601490,工商银行,收单行A,TERM788765,0,unknown
T000020240712,6222026305160342,张鹏勇,380233198201417746,13476980538,840.64,CNY,M618317,沃尔玛,5541,消费,QR,中国,福建省,北京,DEV00000296,148.89.145.91,CONTACTLESS,,,11,,否,,872303,中信银行,收单行A,TERM499581,0,unknown
T000020240819,6222026009268066,孙国华,186751200010467244,17900965698,254.94,CNY,M682144,去哪儿,5311,消费,APP,中国,山东省,成都,DEV00000020,3.128.58.182,MAG,,,6,,否,,608306,中信银行,收单行A,TERM186558,0,unknown
T000020243068,6222027380780055,郑磊兵,118256197704245701,13661268677,111.22,CNY,M452737,优衣库,4111,消费,QR,中国,湖北省,青岛,DEV00000196,27.62.217.211,CONTACTLESS,,2.63,15,,否,,125400,工商银行,收单行A,TERM719387,0,unknown
T000020242057,6222026317189421,钱军杰,552321197502654684,15394054051,66.12,CNY,M782054,支付宝,4511,消费,QR,中国,北京市,上海,DEV00000200,210.41.214.179,CONTACTLESS,,,10,,否,,280040,中信银行,收单行A,TERM389775,0,unknown
T000020242616,6222027418301077,陶军凯,394645198603948367,13548462870,484.55,CNY,M322423,中国石化,5814,消费,POS,中国,北京市,南京,DEV00000005,93.125.170.215,CONTACTLESS,,,17,,否,,866671,农业银行,收单行B,TERM707257,0,unknown
T000020242170,6222021855256552,许建杰,630809196301928663,13744451413,1642.35,CNY,M322423,天猫超市,5541,消费,MOBILE,中国,山东省,上海,DEV00000188,49.112.205.209,MAG,12.0,,18,,否,,219962,中信银行,收单行B,TERM311807,0,unknown
T000020241195,6222028033702319,韩建杰,174174197303018973,17429526663,217.76,CNY,M697530,海澜之家,5411,消费,MOBILE,中国,广东省,北京,DEV00000096,228.226.151.211,CHIP,6.0,,15,,否,,440071,中信银行,收单行B,TERM501942,0,unknown
T000020242026,6222021251837136,韩建辉,220706198603948330,17754571858,926.35,CNY,M947458,微信支付,5311,消费,MOBILE,中国,河南省,郑州,DEV00000025,22.22.8.249,MANUAL,,,97,"R002,R003",是,确认欺诈,954477,中信银行,银联,TERM406243,1,chargeback
T000020243346,6222021251837136,蒋霞华,422153199808354212,18796763291,169.97,CNY,M782054,滴滴出行,5999,转账,MOBILE,中国,浙江省,北京,DEV00000082,113.19.109.173,MAG,,,30,,否,,761131,建设银行,收单行B,TERM499576,0,unknown
T000020242995,6222021945826486,郑霞峰,470620198405863306,17258653063,391.42,CNY,M725113,海澜之家,5211,转账,APP,中国,福建省,成都,DEV00000264,94.66.32.233,MAG,,16.33,4,,否,,625441,建设银行,收单行C,TERM123210,0,unknown
T000020241099,6222028763140509,秦洋东,257758199810786476,19730968145,77.07,CNY,M110644,天猫超市,4111,消费,APP,中国,上海市,上海,DEV00000370,188.187.136.235,MAG,,,13,,否,,814096,招商银行,收单行C,TERM609719,0,unknown
T000020241016,6222022627677155,华秀国,396926199412207828,13638751928,119.54,CNY,M587282,微信支付,4511,消费,POS,中国,江苏省,杭州,DEV00000340,14.254.109.137,ECOM,,1.4,0,,否,,507923,交通银行,收单行B,TERM671540,0,unknown
T000020243211,6222022125089309,朱丽辉,246156199312218626,17513436721,373.13,CNY,M587282,沃尔玛,4511,消费,POS,中国,广东省,广州,DEV00000008,232.160.200.155,MAG,,17.7,16,,否,,901133,中国银行,收单行C,TERM240089,0,unknown
T000020243567,6222024332894265,赵勇国,129818198604842493,15848036184,446.53,CNY,M587282,天猫超市,4511,消费,POS,中国,江苏省,深圳,DEV00000312,213.212.200.42,MAG,12.0,5.18,21,,否,,414621,中信银行,收单行A,TERM224329,0,unknown
T000020242241,6222023196545325,蒋静勇,221781197402953435,17413859193,92.38,CNY,M389688,京东商城,4511,消费,POS,中国,山东省,北京,DEV00000298,128.98.131.211,CHIP,,,19,,否,,940231,工商银行,收单行C,TERM391818,0,unknown
T000020242919,6222026698759353,杨军东,298955199303982980,13248271293,43.98,CNY,M936587,中国石化,5814,预授权,QR,中国,河南省,北京,DEV00000101,69.156.62.118,CHIP,,1.9,29,,否,,447222,中信银行,收单行A,TERM560489,0,unknown
T000020241999,6222022047905204,魏文飞,463485196403047128,19788443036,64.9,CNY,M355709,沃尔玛,5814,消费,MOBILE,中国,福建省,南京,DEV00000170,106.233.1.80,MAG,,,12,,否,,740004,中信银行,收单行C,TERM148639,0,unknown
T000020241283,6222028868054898,金平杰,531412197308496964,19418089247,126.74,CNY,M682144,携程旅行,5691,消费,QR,中国,四川省,成都,DEV00000327,186.44.233.40,MANUAL,,,13,,否,,479191,浦发银行,收单行C,TERM127147,0,unknown
T000020241198,6222024163119785,华英兵,138962197511805254,15294269615,352.8,CNY,M993085,星巴克,5814,消费,QR,中国,浙江省,南京,DEV00000234,187.105.92.16,MAG,,,5,,否,,605566,建设银行,收单行A,TERM898571,0,unknown
T000020241366,6222023479708607,吕桂峰,266499199704427022,19812481064,144.1,CNY,M300337,携程旅行,5211,消费,ECOM,中国,福建省,南京,DEV00000085,184.0.56.135,MAG,,,25,,否,,143761,浦发银行,收单行C,TERM547840,0,unknown
T000020241624,6222021983297492,张勇国,657257197702531993,17129494245,934.98,CNY,M886931,中国石油,5411,消费,POS,中国,山东省,广州,DEV00000271,67.163.83.141,CONTACTLESS,,,0,,否,,165310,中国银行,银联,TERM628700,0,unknown
T000020242641,6222026924716023,孙秀辉,580965197708067048,18792414641,648.11,CNY,M647091,滴滴出行,4511,消费,APP,中国,河南省,青岛,DEV00000156,5.43.66.128,CONTACTLESS,24.0,,12,,否,,387385,农业银行,银联,TERM562117,0,unknown
T000020242164,6222021945826486,尤霞民,656807199112095589,18472771971,73.4,CNY,M587455,支付宝,4111,消费,MOBILE,中国,广东省,深圳,DEV00000239,73.46.226.109,CONTACTLESS,,0.01,3,,否,,580501,招商银行,收单行A,TERM505494,0,unknown
T000020241817,6222023479708607,王丽俊,602077198809834321,13738256069,85.27,CNY,M739979,微信支付,5311,消费,QR,中国,上海市,北京,DEV00000227,9.198.24.141,MANUAL,,,8,,否,,172589,农业银行,收单行B,TERM734478,0,unknown
T000020242419,6222026242173772,孙飞凯,549638198011074651,19837775015,566.4,CNY,M936587,滴滴出行,5691,消费,POS,中国,河南省,北京,DEV00000162,216.55.90.240,MAG,,23.35,26,,否,,433094,工商银行,收单行C,TERM502882,0,unknown
T000020241923,6222029986353481,朱洋超,364645199409887450,18398995201,134.38,CNY,M725113,拼多多,5411,取现,APP,中国,上海市,南京,DEV00000172,18.87.69.179,MANUAL,,0.13,13,,否,,546763,中信银行,银联,TERM621862,0,unknown
T000020241470,6222021594312071,王艳鹏,354552197611297011,18173720275,133.29,CNY,M290672,沃尔玛,4511,消费,ECOM,中国,江苏省,上海,DEV00000222,178.90.236.110,ECOM,,1.59,2,,否,,959189,农业银行,收单行A,TERM905309,0,unknown
T000020241873,6222025710360983,施桂民,639520197911207086,18955404911,56.77,CNY,M965845,肯德基,5211,消费,ECOM,中国,江苏省,广州,DEV00000355,57.117.124.155,ECOM,3.0,0.08,22,,否,,815169,交通银行,收单行A,TERM665703,0,unknown
T000020241263,6222021945826486,孔芳俊,327373197906987296,18861303338,322.39,CNY,M300337,携程旅行,5812,消费,ECOM,中国,浙江省,广州,DEV00000177,191.182.145.167,CHIP,12.0,,13,,否,,876705,建设银行,银联,TERM166733,0,unknown
T000020241528,6222022960488639,华明平,630049196210329646,15917495309,696.57,CNY,M841666,微信支付,5691,消费,POS,中国,四川省,青岛,DEV00000272,188.137.100.207,CHIP,,,0,,否,,906113,交通银行,银联,TERM323416,0,unknown
T000020243337,6222022926780541,沈秀超,394599198906697215,17112372761,81.28,CNY,M526170,京东商城,5999,消费,ECOM,中国,河南省,杭州,DEV00000182,166.157.41.33,CHIP,,,11,,否,,645571,中国银行,收单行C,TERM895183,0,unknown
T000020241480,6222022591589823,钱娟飞,374112199506584093,18972900572,4845.17,CNY,M647091,京东商城,5311,消费,POS,中国,湖北省,南京,DEV00000089,208.249.169.183,ECOM,,,30,,否,,419690,农业银行,收单行C,TERM367473,0,unknown
T000020242438,6222023196545325,曹勇博,407896199308164175,19550284138,142.26,CNY,M587455,京东商城,4111,消费,MOBILE,中国,河南省,北京,DEV00000264,202.10.3.81,MANUAL,6.0,,0,,否,,812972,中信银行,收单行C,TERM655690,0,unknown
T000020242229,6222027625464411,卫勇海,585934200304953140,18668193227,139.22,CNY,M381433,携程旅行,5211,消费,ECOM,中国,上海市,北京,DEV00000149,179.211.110.228,CONTACTLESS,,,16,,否,,798770,工商银行,收单行A,TERM248022,0,unknown
T000020241862,6222025160575046,秦桂超,338717198902637908,18436733774,604.24,CNY,M572700,肯德基,4511,预授权,QR,中国,山东省,武汉,DEV00000061,208.67.15.215,ECOM,,0.72,4,,否,,271166,招商银行,收单行C,TERM313256,0,unknown
T000020240864,6222022067970820,严涛阳,113855198803588361,19204631910,64.78,CNY,M869440,去哪儿,5311,消费,ECOM,中国,福建省,郑州,DEV00000357,140.85.193.56,CONTACTLESS,,2.2,3,,否,,115069,交通银行,收单行C,TERM116977,0,unknown
T000020243533,6222023363629219,曹磊东,354354196212109427,18941573384,238.73,CNY,M389688,中国石油,5211,转账,ECOM,中国,北京市,南京,DEV00000292,42.169.24.122,CHIP,,8.97,12,,否,,456079,中信银行,收单行C,TERM234325,0,unknown
T000020241827,6222027825844140,姜敏龙,570933199712018742,13663729185,1197.86,CNY,M682789,中国石油,5541,消费,POS,中国,浙江省,杭州,DEV00000260,48.38.90.181,MAG,,,23,,否,,790974,浦发银行,收单行C,TERM574901,0,unknown
T000020241840,6222024700855390,钱飞阳,277233197607631928,19225013323,103.36,CNY,M993085,麦当劳,4111,消费,ECOM,中国,湖北省,杭州,DEV00000227,11.77.101.108,CHIP,,0.31,19,,否,,548677,工商银行,收单行B,TERM281886,0,unknown
T000020242467,6222022439622619,钱洋阳,296178199809264297,19837830173,1007.01,CNY,M472060,麦当劳,4111,消费,ECOM,中国,湖北省,武汉,DEV00000306,224.78.27.60,CHIP,,,27,,否,,269012,农业银行,银联,TERM430737,0,unknown
T000020242831,6222027292076361,孔杰兵,180250200312211818,13725498844,2826.29,CNY,M456871,京东商城,5691,消费,APP,中国,河南省,广州,DEV00000120,161.82.48.133,ECOM,12.0,,12,,否,,229988,招商银行,收单行A,TERM743519,0,unknown
T000020241403,6222029963334018,许秀民,583547199211025086,17441556087,66.15,CNY,M556641,天猫超市,4111,消费,APP,中国,浙江省,深圳,DEV00000091,165.127.63.103,ECOM,,2.33,26,,否,,164136,浦发银行,银联,TERM481351,0,unknown
T000020242760,6222025570828113,陈杰晨,516101196712132822,17571467734,37.03,CNY,M782054,肯德基,5311,消费,ECOM,中国,四川省,上海,DEV00000148,237.67.103.120,ECOM,3.0,,12,,否,,574888,工商银行,收单行C,TERM583198,0,unknown
T000020243598,6222026642201119,沈华俊,119468199404302646,13294392567,114.91,CNY,M353080,华润万家,5541,取现,POS,中国,浙江省,武汉,DEV00000293,65.60.153.98,MAG,,3.17,4,,否,,100472,招商银行,收单行B,TERM886265,0,unknown
T000020240841,6222022351531223,华春泽,253055199011209437,19849345045,752.89,CNY,M437960,京东商城,4511,消费,POS,中国,湖北省,南京,DEV00000098,234.3.217.180,ECOM,3.0,27.82,30,,否,,963359,工商银行,银联,TERM276718,0,unknown
T000020241559,6222022445662585,郑文勇,505908198901109533,19438683251,145.18,CNY,M725113,星巴克,4511,消费,APP,中国,浙江省,成都,DEV00000140,59.139.136.206,CHIP,,,6,,否,,116401,招商银行,收单行B,TERM999790,0,unknown
T000020243280,6222028943866829,朱涛峰,295538197303479453,13171651349,213.14,CNY,M290672,优衣库,5541,消费,MOBILE,中国,广东省,北京,DEV00000050,210.51.226.90,MANUAL,3.0,4.28,8,,否,,949821,中信银行,收单行A,TERM380669,0,unknown
T000020241791,6222028055556030,沈磊超,536944200403987269,19713906449,165.86,CNY,M260422,华润万家,4111,消费,MOBILE,中国,四川省,上海,DEV00000230,58.238.103.11,ECOM,12.0,,6,,否,,286822,中国银行,收单行A,TERM493712,0,unknown
T000020241812,6222026805759868,郑伟博,336246199108854411,15884029682,117.11,CNY,M452737,华润万家,5814,消费,APP,中国,湖北省,杭州,DEV00000363,223.254.146.173,MANUAL,3.0,5.33,6,,否,,809177,中信银行,收单行C,TERM303879,0,unknown
T000020241801,6222021955345537,李鹏鹏,320523199102636003,19272798970,59.45,CNY,M472060,优衣库,5541,消费,APP,中国,江苏省,成都,DEV00000321,94.2.204.9,CHIP,3.0,1.27,17,,否,,399230,浦发银行,收单行A,TERM713911,0,unknown
T000020241562,6222022625792787,吴洋华,288737197006972748,18462875231,151.12,CNY,M725113,星巴克,5211,消费,POS,中国,北京市,成都,DEV00000022,232.172.223.65,CHIP,,,20,,否,,452086,招商银行,收单行A,TERM301059,0,unknown
T000020243037,6222029155819200,赵洋飞,272497199006474503,17184188378,8.31,CNY,M641722,支付宝,5814,转账,POS,中国,北京市,成都,DEV00000138,56.166.9.204,CONTACTLESS,,,2,,否,,918864,招商银行,收单行C,TERM343586,0,unknown
T000020242586,6222023691864041,李秀民,133237200106923616,15399064186,278.44,CNY,M437960,京东商城,4111,转账,MOBILE,中国,湖北省,南京,DEV00000081,134.151.161.13,CHIP,,,5,,否,,410067,交通银行,收单行A,TERM687849,0,unknown
T000020242052,6222023479708607,姜勇杰,251777196305332306,13569378401,664.01,CNY,M612311,微信支付,5311,消费,MOBILE,中国,北京市,广州,DEV00000360,93.49.136.122,ECOM,3.0,,29,,否,,773704,中信银行,收单行C,TERM466641,0,unknown
T000020242797,6222029421518487,曹鹏兵,618720197911683436,19586848745,375.28,CNY,M869440,屈臣氏,5541,消费,QR,中国,福建省,南京,DEV00000351,175.98.49.140,MAG,,14.07,19,,否,,990288,建设银行,收单行C,TERM840659,0,unknown
T000020241587,6222029786748825,陈娟健,205216199106427785,17460909624,124.19,CNY,M472060,微信支付,4511,消费,MOBILE,中国,浙江省,郑州,DEV00000358,192.181.181.216,MANUAL,3.0,,11,,否,,281718,中信银行,收单行B,TERM860896,0,unknown
T000020242687,6222029963334018,陶磊泽,165295200310234301,13176328750,88.72,CNY,M290672,麦当劳,5691,消费,MOBILE,中国,北京市,广州,DEV00000212,176.89.121.129,MANUAL,,1.04,22,,否,,127421,建设银行,银联,TERM181376,0,unknown
T000020242389,6222021955345537,孔刚勇,339789198004588728,15676376296,60.76,CNY,M664315,沃尔玛,5311,消费,POS,中国,广东省,杭州,DEV00000257,140.165.208.7,MANUAL,12.0,,26,,否,,381413,交通银行,银联,TERM635536,0,unknown
T000020241788,6222028879525611,严伟峰,630616196208875520,19833625129,149.88,CNY,M130094,中国石化,4511,预授权,MOBILE,中国,江苏省,青岛,DEV00000003,73.144.239.227,ECOM,24.0,,20,,否,,430176,中国银行,收单行A,TERM375570,0,unknown
T000020241823,6222027483366056,曹杰辉,385101199903753374,18907362302,31.64,CNY,M611233,优衣库,5411,取现,MOBILE,中国,江苏省,郑州,DEV00000273,84.156.84.109,ECOM,,,27,,否,,879655,交通银行,收单行C,TERM376739,0,unknown
T000020241996,6222026687206971,杨飞国,137319197304611102,17213631047,159.53,CNY,M664315,滴滴出行,5691,消费,QR,中国,上海市,武汉,DEV00000068,131.34.28.253,MAG,12.0,,16,,否,,575930,农业银行,收单行C,TERM957260,0,unknown
T000020243153,6222024590711152,李伟海,203864196305582207,15665234176,740.48,CNY,M284692,饿了么,4511,转账,POS,中国,河南省,北京,DEV00000363,206.155.144.193,MANUAL,,,23,,否,,269331,农业银行,银联,TERM921273,0,unknown
T000020242178,6222024361393222,李国凯,519337198510966842,15375694202,449.41,CNY,M886931,携程旅行,5411,消费,ECOM,中国,广东省,南京,DEV00000124,27.164.246.151,ECOM,,,6,,否,,464030,建设银行,收单行A,TERM237323,0,unknown
T000020241130,6222022970753705,周平华,476063199108755461,17704559978,157.07,CNY,M322423,微信支付,5691,消费,MOBILE,中国,湖北省,南京,DEV00000004,183.25.0.36,MANUAL,12.0,,18,,否,,421042,招商银行,银联,TERM620525,0,unknown
T000020242027,6222027665963761,赵桂林,113389199307944992,18144039139,577.57,CNY,M841666,天猫超市,5411,消费,POS,中国,福建省,武汉,DEV00000052,2.76.71.34,CHIP,,,2,,否,,969024,中国银行,收单行A,TERM434108,0,unknown
T000020242920,6222029123612497,魏娜辉,584403199306425552,17608835872,37.61,CNY,M290672,麦当劳,5691,消费,MOBILE,中国,上海市,青岛,DEV00000223,174.109.60.192,CONTACTLESS,,0.19,9,,否,,739461,农业银行,收单行B,TERM295306,0,unknown
T000020242510,6222021664847319,蒋娟凯,320480197807623827,19133345413,1715.12,CNY,M355709,滴滴出行,5541,消费,POS,中国,浙江省,杭州,DEV00000092,190.197.131.72,CONTACTLESS,6.0,,27,,否,,199954,浦发银行,收单行C,TERM713499,0,unknown
T000020243207,6222022625792787,朱英峰,193535198009116255,17344538154,391.94,CNY,M497399,京东商城,5999,消费,POS,中国,湖北省,上海,DEV00000043,1.219.186.107,ECOM,,,28,,否,,560674,中国银行,收单行B,TERM275584,0,unknown
T000020241332,6222027648059419,王敏海,387695200107236927,17490164092,155.95,CNY,M383201,优衣库,5814,消费,MOBILE,中国,湖北省,广州,DEV00000316,102.176.173.100,CHIP,,,2,,否,,622732,建设银行,收单行B,TERM560524,0,unknown
T000020240912,6222026461974809,韩平亮,124815197206635656,18727568144,2328.38,CNY,M841666,中国石化,4511,消费,ECOM,中国,福建省,武汉,DEV00000207,240.130.103.20,ECOM,,,92,"R002,R003",是,确认欺诈,393586,农业银行,收单行C,TERM691040,1,chargeback
T000020242603,6222027825844140,褚建晨,497302199011981226,15591317245,97.43,CNY,M606983,天猫超市,4511,消费,QR,中国,上海市,北京,DEV00000312,217.100.169.42,CONTACTLESS,,3.01,2,,否,,575790,交通银行,收单行C,TERM427376,0,unknown
T000020240888,6222025728765136,金桂民,319436197206189046,18828908586,969.28,CNY,M611233,去哪儿,5814,消费,POS,中国,江苏省,上海,DEV00000223,209.98.44.150,CHIP,,,22,,否,,313426,工商银行,收单行B,TERM105490,0,unknown
T000020241295,6222024460967357,陈强龙,182611200303347402,18772230652,288.48,CNY,M110644,肯德基,5411,消费,APP,中国,福建省,深圳,DEV00000198,162.244.218.53,CONTACTLESS,,9.87,1,,否,,229084,交通银行,收单行B,TERM175090,0,unknown
T000020241869,6222029597198563,姜娟杰,299371200009367039,15327579998,474.73,CNY,M392477,麦当劳,5999,取现,ECOM,中国,上海市,成都,DEV00000359,229.185.144.110,CHIP,,,20,R002,否,,164545,中国银行,收单行C,TERM873248,2,rule
T000020241697,6222024745927824,施娜阳,514351196907624113,15925560694,438.66,CNY,M800646,滴滴出行,5411,消费,ECOM,中国,河南省,上海,DEV00000242,38.138.250.99,CONTACTLESS,,2.17,8,,否,,328138,交通银行,收单行C,TERM613810,0,unknown
T000020241910,6222028370987661,褚玲杰,278942197605836454,13787939613,1398.22,CNY,M835244,优衣库,4511,消费,ECOM,中国,福建省,深圳,DEV00000050,183.119.171.59,MAG,,,56,,是,可疑待确认,222236,中信银行,银联,TERM292721,2,manual
T000020242451,6222025419627962,郑静健,250484198209008310,13640662522,51.74,CNY,M260422,美团外卖,4111,消费,ECOM,中国,江苏省,武汉,DEV00000343,233.226.226.120,CHIP,,0.82,30,,否,,307998,工商银行,银联,TERM249241,0,unknown
T000020240672,6222027483366056,何平兵,139576200508213328,19302114356,7.06,CNY,M965845,优衣库,5211,消费,APP,中国,浙江省,杭州,DEV00000159,45.251.19.24,CHIP,,0.19,7,,否,,100716,交通银行,收单行B,TERM945619,0,unknown
T000020243369,6222025278201677,王春飞,350915197803504169,17497898866,102.97,CNY,M497399,优衣库,5411,消费,POS,中国,广东省,武汉,DEV00000288,251.52.253.122,CONTACTLESS,,1.08,25,,否,,596370,招商银行,银联,TERM918073,0,unknown
T000020243102,6222028507497883,孙杰兵,146586199601033546,17793043910,363.42,CNY,M353080,中国石化,5814,消费,QR,中国,广东省,南京,DEV00000128,253.157.145.114,CHIP,,,16,,否,,606774,中信银行,银联,TERM758441,0,unknown
T000020241651,6222026491309593,曹伟林,621555198405182768,19197148720,125.01,CNY,M392477,海澜之家,5311,消费,ECOM,中国,福建省,深圳,DEV00000125,120.8.185.171,CONTACTLESS,,,9,,否,,540466,农业银行,收单行B,TERM302006,0,unknown
T000020241979,6222025748253283,孔文兵,574329198502264011,15311861687,807.6,CNY,M456871,微信支付,4511,预授权,POS,中国,河南省,南京,DEV00000364,147.177.53.217,CONTACTLESS,,,30,,否,,873799,招商银行,收单行B,TERM812894,0,unknown
T000020243120,6222021855256552,魏平平,423761197505572586,17898315768,364.47,CNY,M855053,华润万家,4511,消费,MOBILE,中国,北京市,武汉,DEV00000282,234.243.3.69,MANUAL,,,0,,否,,445729,中国银行,收单行B,TERM903855,0,unknown
T000020242415,6222021965067727,严敏辉,523977197704993471,15495008004,144.7,CNY,M189771,天猫超市,5311,消费,ECOM,中国,浙江省,武汉,DEV00000125,33.234.231.83,CONTACTLESS,12.0,,30,,否,,625334,招商银行,收单行A,TERM983831,0,unknown
T000020240684,6222028531118333,褚飞晨,276131199102813120,19565694083,162.75,CNY,M383201,星巴克,5311,消费,MOBILE,中国,湖北省,青岛,DEV00000245,99.2.19.137,MAG,3.0,,24,,否,,437864,中国银行,收单行A,TERM809621,0,unknown
T000020242596,6222024877520294,华磊浩,342475199808347388,15723833268,483.94,CNY,M300337,屈臣氏,5691,取现,POS,中国,福建省,广州,DEV00000145,48.68.130.53,CONTACTLESS,,,16,,否,,310666,招商银行,收单行B,TERM504919,0,unknown
T000020241657,6222026288227800,孙敏峰,495355199808107558,18653587277,719.87,CNY,M189771,去哪儿,4511,消费,POS,中国,湖北省,成都,DEV00000357,167.186.96.99,CHIP,12.0,,30,,否,,398610,建设银行,收单行B,TERM768066,0,unknown
T000020241866,6222025646751885,严强鹏,650764198607211446,19371511356,67.22,USD,M355709,中国石化,4111,消费,ECOM,中国,上海市,成都,DEV00000291,125.231.15.200,CONTACTLESS,,3.24,4,,否,,941860,中国银行,收单行C,TERM690501,0,unknown
T000020241594,6222026687206971,孔涛杰,312772197805135694,13557140050,815.43,CNY,M556641,星巴克,5691,消费,APP,中国,江苏省,广州,DEV00000132,248.17.226.143,ECOM,,,15,,否,,691019,交通银行,收单行C,TERM568208,0,unknown
T000020243596,6222021855256552,卫洋鹏,510891197010732944,19226834130,203.98,CNY,M869440,京东商城,5411,消费,ECOM,中国,河南省,深圳,DEV00000328,225.241.50.177,MANUAL,,,4,,否,,605777,交通银行,收单行B,TERM845215,0,unknown
T000020241950,6222028293453178,许军平,387588198606666414,17482549738,483.25,USD,M971084,美团外卖,5311,预授权,MOBILE,中国,浙江省,深圳,DEV00000292,188.107.83.184,CONTACTLESS,,,0,,否,,901922,中信银行,收单行C,TERM204587,0,unknown
T000020242877,6222021519709079,何平华,657350199803326080,19166067320,6189.16,CNY,M725113,肯德基,5311,消费,POS,中国,福建省,南京,DEV00000310,145.60.190.120,CONTACTLESS,,,22,,否,,162797,招商银行,银联,TERM909155,0,unknown
T000020241022,6222029922723063,陶艳泽,242814197011444909,18105676326,497.33,CNY,M641722,支付宝,4511,消费,APP,中国,四川省,成都,DEV00000374,199.96.252.141,MAG,,16.58,0,,否,,301821,招商银行,收单行C,TERM242827,0,unknown
T000020243308,6222025871743247,褚华阳,137510199410524757,13872571377,185.92,CNY,M912270,华润万家,5999,消费,POS,中国,福建省,北京,DEV00000085,56.112.195.49,CHIP,,3.84,10,,否,,189567,交通银行,收单行B,TERM290719,0,unknown
T000020242137,6222026618926823,许涛峰,470233197910616339,19570416994,1157.71,CNY,M697530,滴滴出行,5812,转账,QR,中国,北京市,成都,DEV00000192,207.212.249.54,CHIP,,9.11,5,,否,,943397,招商银行,收单行C,TERM730599,0,unknown
T000020242099,6222024482238042,杨国晨,611846198212288549,15925325585,64.25,CNY,M472060,肯德基,5812,消费,POS,中国,浙江省,广州,DEV00000253,36.18.58.83,MAG,,0.64,20,R002,否,,295413,交通银行,银联,TERM703333,2,rule
T000020241054,6222028380507338,周敏鹏,473624198812189315,18970009392,378.11,CNY,M936587,天猫超市,5691,消费,APP,中国,河南省,成都,DEV00000047,92.91.120.230,ECOM,,,19,,否,,305509,农业银行,收单行A,TERM745485,0,unknown
T000020242991,6222027483366056,尤军国,502328197408184440,13900368001,1201.49,CNY,M260422,肯德基,5691,消费,QR,中国,河南省,郑州,DEV00000067,211.61.238.28,MANUAL,,52.09,4,,否,,978514,中信银行,收单行C,TERM638312,0,unknown
T000020240638,6222028507497883,褚文亮,608807199005095706,17406462391,126.19,CNY,M965845,拼多多,4511,消费,ECOM,中国,北京市,青岛,DEV00000119,137.19.89.107,MAG,12.0,5.28,30,,否,,926236,中信银行,收单行B,TERM885386,0,unknown
T000020242460,6222024919706735,褚杰海,301983200510376236,17199509370,52.62,CNY,M290672,海澜之家,5691,消费,APP,中国,河南省,武汉,DEV00000026,96.163.146.207,CONTACTLESS,,,16,,否,,822667,招商银行,银联,TERM438649,0,unknown
T000020242019,6222024877520294,孔磊龙,572066196108441607,18940019312,460.41,CNY,M606983,微信支付,5211,消费,MOBILE,中国,山东省,深圳,DEV00000371,239.89.179.41,MAG,,,4,,否,,990093,浦发银行,收单行C,TERM956529,0,unknown
T000020241671,6222026124453431,卫艳华,288256198312158198,15659060067,84.64,CNY,M284692,微信支付,5311,取现,ECOM,中国,河南省,成都,DEV00000240,239.109.201.54,CHIP,,3.61,26,,否,,407771,浦发银行,收单行A,TERM208137,0,unknown
T000020240654,6222028737025391,施军亮,156448199609196432,18213757100,2233.72,CNY,M290672,支付宝,5541,消费,QR,中国,山东省,郑州,DEV00000262,192.113.228.96,MANUAL,,,7,,否,,823975,农业银行,收单行C,TERM125755,0,unknown
T000020241106,6222026649827836,沈洋浩,382241198807961524,18403353059,1449.36,CNY,M370902,优衣库,5812,消费,POS,中国,广东省,北京,DEV00000227,181.97.66.119,ECOM,,,10,,否,,842703,交通银行,收单行A,TERM341801,0,unknown
T000020242988,6222024853479481,孔玲俊,204838200009429746,17921899335,230.45,CNY,M992288,滴滴出行,5812,消费,APP,中国,福建省,广州,DEV00000084,125.240.109.21,CONTACTLESS,6.0,10.04,8,,否,,661870,建设银行,收单行C,TERM737081,0,unknown
T000020240818,6222026618926823,许英海,293633198606113942,19887314701,10031.16,CNY,M682144,星巴克,5814,消费,QR,中国,福建省,武汉,DEV00000358,146.48.201.179,CHIP,,,25,,否,,387075,招商银行,收单行A,TERM831952,0,unknown
T000020243432,6222026237376063,李军俊,546393198212083279,19156529283,825.73,CNY,M618317,饿了么,5691,消费,QR,中国,广东省,武汉,DEV00000124,96.220.226.77,MAG,,37.52,25,,否,,981054,浦发银行,收单行A,TERM448472,0,unknown
T000020242769,6222024993808565,施杰东,217779199405862735,17837125857,114.24,CNY,M612311,中国石油,5211,转账,QR,中国,上海市,杭州,DEV00000370,238.194.188.68,ECOM,,2.87,19,,否,,146623,浦发银行,银联,TERM214155,0,unknown
T000020242184,6222029123612497,严建健,379131196801982910,13635435674,1178.13,CNY,M322423,滴滴出行,5812,消费,POS,中国,广东省,上海,DEV00000021,20.20.58.8,CONTACTLESS,,19.53,1,,否,,779791,工商银行,收单行C,TERM713838,0,unknown
T000020241185,6222021041531046,曹磊民,399471196410067697,19574591565,2730.18,CNY,M389688,支付宝,4511,消费,QR,中国,上海市,深圳,DEV00000151,122.239.41.170,MAG,,,22,,否,,479170,工商银行,收单行A,TERM532832,0,unknown
T000020240746,6222027540301973,卫燕平,469502196503983525,18908271285,138.17,CNY,M841666,星巴克,5541,转账,ECOM,中国,上海市,郑州,DEV00000339,113.85.107.148,CONTACTLESS,,5.66,15,,否,,155074,农业银行,银联,TERM518114,0,unknown
T000020242732,6222026237376063,尤芳亮,632170197805089696,15384530937,608.96,CNY,M739979,麦当劳,5814,消费,POS,中国,北京市,南京,DEV00000125,217.74.164.166,MAG,,28.58,24,,是,真实交易,126953,农业银行,收单行A,TERM306228,0,manual
T000020240940,6222026241752544,何玲超,406376199607842099,13706993563,134.32,CNY,M745830,屈臣氏,5812,消费,QR,中国,上海市,成都,DEV00000273,41.44.239.157,MAG,3.0,,27,,否,,551880,招商银行,银联,TERM573210,0,unknown
T000020242436,6222023660223333,朱敏俊,561393197712024012,18203471068,2393.49,CNY,M260422,海澜之家,5812,消费,QR,中国,广东省,深圳,DEV00000014,149.174.244.132,CHIP,12.0,62.16,8,,否,,898039,工商银行,银联,TERM113160,0,unknown
T000020242317,6222029292791081,赵桂泽,599918197102399185,13401270559,318.27,CNY,M725113,麦当劳,5311,消费,QR,中国,福建省,武汉,DEV00000269,255.241.14.246,ECOM,,,4,,否,,506629,农业银行,收单行A,TERM184484,0,unknown
T000020242064,6222023880327491,严建杰,350040200410882232,19172596116,170.15,CNY,M697530,天猫超市,5999,消费,QR,中国,广东省,深圳,DEV00000334,148.224.135.233,MANUAL,,,17,,否,,696144,中国银行,收单行B,TERM134604,0,unknown
T000020241297,6222028299146480,张英民,621549197106736176,17336875344,7014.71,CNY,M606983,滴滴出行,5691,消费,MOBILE,中国,湖北省,成都,DEV00000188,173.200.160.239,MANUAL,,,82,"R002,R003",是,确认欺诈,372816,中信银行,收单行C,TERM717276,1,chargeback
T000020242763,6222028612747444,周平民,474978196309565010,17418774000,441.14,CNY,M383201,麦当劳,5691,消费,POS,中国,湖北省,北京,DEV00000270,253.170.113.7,CONTACTLESS,,,28,,否,,915363,交通银行,收单行A,TERM681819,0,unknown
T000020241783,6222023660223333,陶磊杰,346591199810587413,18891561059,32.53,CNY,M869440,天猫超市,5999,消费,APP,中国,湖北省,郑州,DEV00000129,32.235.42.83,CHIP,,,11,,否,,114577,建设银行,银联,TERM464761,0,unknown
T000020241002,6222027166868574,何平凯,397458197506964782,18744712853,2186.48,CNY,M611233,京东商城,4511,消费,APP,中国,湖北省,武汉,DEV00000125,166.33.231.183,CHIP,,,6,,否,,499476,工商银行,银联,TERM557485,0,unknown
T000020242580,6222029080621072,陶秀鹏,257357199301925441,19754370035,50.62,CNY,M355709,饿了么,4511,消费,QR,中国,山东省,杭州,DEV00000150,232.138.226.109,MAG,,,8,,否,,612333,中国银行,收单行A,TERM366519,0,unknown
T000020242839,6222025693307665,魏娟晨,317879199303649306,18645954402,1340.56,CNY,M472060,沃尔玛,5812,消费,QR,中国,北京市,郑州,DEV00000351,248.226.77.51,CONTACTLESS,12.0,,13,,否,,664153,建设银行,收单行C,TERM997588,0,unknown
T000020241710,6222023597724331,蒋桂民,233858196308352265,18378074147,930.35,CNY,M866536,海澜之家,5691,消费,POS,中国,浙江省,郑州,DEV00000365,217.28.153.215,ECOM,,30.42,12,,否,,902315,中国银行,银联,TERM884989,0,unknown
T000020243434,6222025419627962,金燕龙,595721196205654245,19514018149,319.56,CNY,M992288,优衣库,5311,消费,MOBILE,中国,广东省,青岛,DEV00000235,249.50.89.38,MAG,,,12,,否,,265815,工商银行,收单行B,TERM768399,0,unknown
T000020242337,6222023987248494,蒋国峰,495223196506234866,17357049467,67.45,CNY,M725113,中国石化,4111,消费,MOBILE,中国,江苏省,上海,DEV00000220,190.84.64.40,ECOM,6.0,,15,,否,,900015,浦发银行,银联,TERM137306,0,unknown
T000020241417,6222024163119785,秦秀凯,585251196607079246,18665397101,404.47,CNY,M357420,京东商城,5541,消费,ECOM,中国,上海市,广州,DEV00000054,68.181.199.70,CONTACTLESS,,,18,,否,,259872,中信银行,收单行C,TERM793520,0,unknown
T000020240875,6222029421518487,姜明博,616154197402895322,17863839938,572.21,HKD,M697530,屈臣氏,5541,取现,MOBILE,中国,上海市,深圳,DEV00000338,166.105.39.20,MANUAL,,6.18,15,,否,,958271,浦发银行,收单行B,TERM611333,0,unknown
T000020242773,6222024642197907,曹洋平,233621196701177280,19699218441,32.34,CNY,M800646,京东商城,4511,消费,QR,中国,北京市,南京,DEV00000021,150.27.157.42,MAG,,,22,,否,,768897,浦发银行,收单行B,TERM838236,0,unknown
T000020242826,6222025284391408,吴英东,363149196809259730,18253019457,92.91,CNY,M381433,去哪儿,5691,预授权,QR,中国,福建省,上海,DEV00000245,37.242.202.255,ECOM,,,13,,否,,729831,工商银行,收单行C,TERM792021,0,unknown
T000020242894,6222029592390865,王秀东,336631196505948252,19885316848,702.59,CNY,M110644,海澜之家,5411,消费,QR,中国,河南省,北京,DEV00000139,69.206.1.2,MANUAL,24.0,,18,,是,真实交易,733912,招商银行,收单行B,TERM326164,0,manual
T000020243515,6222028380507338,蒋杰博,422932197107178058,18894771968,381.59,CNY,M556641,屈臣氏,4111,消费,QR,中国,北京市,杭州,DEV00000361,81.6.140.61,MANUAL,6.0,,8,,否,,172525,农业银行,收单行C,TERM515822,0,unknown
T000020243124,6222022465576748,吕燕兵,251941196403088775,17721513018,427.33,CNY,M618317,美团外卖,4111,消费,POS,中国,河南省,南京,DEV00000201,39.26.254.215,CONTACTLESS,12.0,,55,,是,可疑待确认,207065,中信银行,银联,TERM528300,2,manual
T000020243156,6222027665963761,朱英泽,632930199108493683,18690319600,880.55,HKD,M841666,华润万家,5411,消费,ECOM,中国,上海市,上海,DEV00000273,232.80.206.212,ECOM,,,22,,否,,375777,农业银行,收单行B,TERM669082,0,unknown
T000020243014,6222029922723063,何超俊,131519197506264148,13730485198,25.17,CNY,M353080,星巴克,4111,取现,APP,中国,湖北省,青岛,DEV00000316,214.84.82.226,CHIP,,,18,,否,,749330,招商银行,收单行C,TERM740893,0,unknown
T000020243398,6222028235363119,卫春兵,622057198111287018,17202486661,399.71,CNY,M855053,携程旅行,4111,消费,POS,中国,山东省,上海,DEV00000145,156.142.251.15,ECOM,,,4,,否,,574595,招商银行,收单行C,TERM989280,0,unknown
T000020241916,6222023746317213,许英民,553359200209368302,18792405662,6038.91,CNY,M835244,华润万家,4111,消费,ECOM,中国,广东省,南京,DEV00000026,190.160.205.78,MANUAL,,248.05,20,,否,,278808,招商银行,收单行C,TERM896633,0,unknown
T000020241293,6222027597996327,吕桂峰,404411200411092048,19894528092,829.53,CNY,M611233,沃尔玛,4111,消费,APP,中国,浙江省,武汉,DEV00000002,187.230.73.59,CHIP,,,5,,否,,862268,中国银行,收单行B,TERM878986,0,unknown
T000020242329,6222028235363119,严勇国,549380199502826651,13516963787,337.26,CNY,M641722,美团外卖,4511,消费,POS,中国,上海市,北京,DEV00000010,127.24.138.232,CONTACTLESS,,,9,,否,,495029,招商银行,收单行B,TERM350343,0,unknown
T000020243083,6222022181241943,秦国林,324318200009875246,13237696313,65.29,CNY,M452737,支付宝,5812,消费,ECOM,中国,四川省,成都,DEV00000267,151.174.9.134,CHIP,,,14,,否,,679379,中信银行,银联,TERM311595,0,unknown
T000020243285,6222027418301077,吴桂浩,477211197503863971,18568827791,488.15,CNY,M965845,麦当劳,5999,消费,POS,中国,湖北省,青岛,DEV00000037,240.239.220.36,CHIP,24.0,,12,,否,,844185,农业银行,银联,TERM535324,0,unknown
T000020242253,6222027418301077,孙桂飞,266983200111823600,15486449121,96.77,EUR,M886931,海澜之家,4111,转账,MOBILE,中国,山东省,北京,DEV00000273,129.248.203.243,ECOM,,,21,,否,,938891,浦发银行,收单行C,TERM902177,0,unknown
T000020241980,6222026305160342,陈洋民,213562197107183149,13969820665,56.17,CNY,M947458,华润万家,5691,取现,POS,中国,江苏省,郑州,DEV00000099,250.47.14.235,MAG,,1.27,8,,否,,205839,工商银行,收单行B,TERM719625,0,unknown
T000020240642,6222026241752544,陶娜鹏,538728197103787887,17510684364,601.28,CNY,M572700,星巴克,5311,消费,ECOM,中国,江苏省,北京,DEV00000042,175.68.178.31,MAG,24.0,,29,,否,,233533,中国银行,收单行A,TERM892911,0,unknown
T000020242990,6222026320115677,姜桂阳,615080199211153900,17310938162,77.93,CNY,M452737,饿了么,4111,预授权,ECOM,中国,浙江省,杭州,DEV00000356,164.108.222.190,MANUAL,12.0,2.85,19,,否,,485002,浦发银行,收单行B,TERM589497,0,unknown
T000020241833,6222027099469983,王桂浩,246617198904437492,13694031269,321.93,CNY,M353080,美团外卖,5411,消费,APP,中国,四川省,青岛,DEV00000295,89.115.49.240,CHIP,,,8,,否,,172817,中信银行,收单行B,TERM894545,0,unknown
T000020241321,6222022227193073,华霞勇,143212198201496006,17958681931,352.52,HKD,M841666,天猫超市,4511,消费,MOBILE,中国,河南省,郑州,DEV00000090,137.137.205.119,MAG,3.0,8.07,27,,否,,393983,农业银行,收单行B,TERM694694,0,unknown
T000020241988,6222029155819200,孙英俊,518290196907383336,19487329774,433.69,CNY,M993085,天猫超市,4111,消费,QR,中国,江苏省,上海,DEV00000012,243.189.81.191,MANUAL,,,9,,否,,928659,工商银行,收单行B,TERM486065,0,unknown
T000020241623,6222022452066459,沈军凯,628109200301552663,13530453803,220.76,CNY,M190872,美团外卖,5812,消费,ECOM,中国,广东省,北京,DEV00000222,253.239.210.189,MAG,12.0,3.53,28,,否,,449273,中国银行,银联,TERM369053,0,unknown
T000020243290,6222028737025391,郑洋飞,393898197705805983,19953904422,184.99,CNY,M190872,支付宝,5814,消费,POS,中国,江苏省,上海,DEV00000015,184.217.8.208,ECOM,,6.27,14,,否,,301944,中国银行,收单行B,TERM823790,0,unknown
T000020243177,6222023783290795,杨霞阳,549723197109249307,17120311012,300.39,CNY,M641722,屈臣氏,5999,消费,ECOM,中国,北京市,郑州,DEV00000324,197.4.143.252,CONTACTLESS,6.0,,7,,否,,499612,工商银行,收单行A,TERM150000,0,unknown
T000020240751,6222024482238042,吴建泽,308667196801744163,13872813901,124.1,CNY,M647091,滴滴出行,5691,消费,ECOM,中国,山东省,杭州,DEV00000200,17.157.255.137,MANUAL,12.0,2.11,15,,否,,454123,工商银行,银联,TERM223928,0,unknown
T000020241544,6222024482238042,卫飞阳,608905198709424355,15626099673,310.74,CNY,M355709,天猫超市,4111,消费,ECOM,中国,四川省,上海,DEV00000066,54.104.49.1,MANUAL,,,26,,否,,939280,建设银行,银联,TERM145317,0,unknown
T000020241712,6222025951406973,杨华晨,411074196408379187,18189756202,323.73,CNY,M992288,沃尔玛,5812,消费,POS,中国,浙江省,广州,DEV00000270,69.88.191.17,ECOM,,,2,,否,,189101,中信银行,银联,TERM798806,0,unknown
T000020242725,6222028879525611,冯伟海,291894196908439057,15763723354,525.14,CNY,M357420,肯德基,5411,消费,MOBILE,中国,福建省,郑州,DEV00000229,206.44.21.100,CHIP,12.0,,9,R002,否,,189560,中国银行,收单行A,TERM334835,2,rule
T000020242100,6222028106906538,许军民,542278200109864235,13495088526,118.19,CNY,M721254,去哪儿,5411,消费,POS,中国,山东省,杭州,DEV00000304,226.15.105.165,CONTACTLESS,,0.45,17,,否,,960839,浦发银行,收单行C,TERM305505,0,unknown
T000020240655,6222024034047118,郑建泽,584425198002385919,13969930526,120.18,CNY,M782054,京东商城,5999,消费,POS,中国,江苏省,成都,DEV00000332,28.84.124.133,MAG,,,15,,否,,547080,中信银行,收单行B,TERM936507,0,unknown
T000020243436,6222021654477195,陈军泽,382429198412232596,18263096288,43.23,CNY,M526170,麦当劳,5211,消费,ECOM,中国,浙江省,杭州,DEV00000258,226.110.227.216,CHIP,,,22,,否,,953467,招商银行,收单行A,TERM524175,0,unknown
T000020240632,6222028429141456,曹秀俊,186517200402233589,18546270451,1425.45,CNY,M472060,去哪儿,5999,消费,ECOM,中国,福建省,杭州,DEV00000311,37.160.163.188,CONTACTLESS,24.0,26.41,7,,否,,688933,建设银行,收单行C,TERM353480,0,unknown
T000020241552,6222023196545325,朱英东,122949199012026248,18258060065,998.8,CNY,M971084,携程旅行,5691,预授权,ECOM,中国,江苏省,南京,DEV00000057,149.81.210.7,MAG,24.0,,40,,否,,789593,浦发银行,收单行A,TERM227172,0,unknown
T000020242325,6222026633778586,许杰亮,238037199605879780,17171391691,453.3,CNY,M947458,滴滴出行,5812,消费,POS,中国,江苏省,上海,DEV00000347,18.85.117.14,MANUAL,6.0,13.33,2,R004,否,,249599,中信银行,收单行B,TERM654834,0,unknown
T000020242254,6222026923206003,孙英民,596382196905636473,15520216212,167.09,CNY,M456871,去哪儿,5311,消费,ECOM,中国,江苏省,上海,DEV00000046,29.125.242.15,CONTACTLESS,,,15,,否,,553459,农业银行,收单行C,TERM621662,0,unknown
T000020243447,6222024361393222,吕娟辉,630280198507618849,17696686053,44.51,CNY,M782054,京东商城,5211,消费,MOBILE,中国,江苏省,深圳,DEV00000117,68.49.181.131,CONTACTLESS,,,4,,否,,509554,浦发银行,收单行A,TERM447663,0,unknown
T000020242652,6222028868054898,杨伟平,623961198405704055,17247291120,103.09,CNY,M739979,滴滴出行,4511,消费,ECOM,中国,江苏省,杭州,DEV00000226,232.197.248.250,CONTACTLESS,,4.89,13,,否,,199208,招商银行,收单行B,TERM108239,0,unknown
T000020240947,6222021127978094,曹建辉,585207199906399943,18226507324,232.6,CNY,M947458,海澜之家,5999,消费,ECOM,中国,北京市,广州,DEV00000173,229.95.130.88,MANUAL,3.0,,18,,否,,201191,交通银行,收单行C,TERM166183,0,unknown
T000020242455,6222022867302554,尤杰俊,544996196904201623,18549527428,360.26,CNY,M992288,支付宝,5999,预授权,ECOM,中国,北京市,成都,DEV00000213,226.215.253.14,MAG,,0.85,8,,否,,965254,工商银行,收单行C,TERM850630,0,unknown
T000020242031,6222029963334018,孔娜亮,274268200509906109,19742331673,166.79,CNY,M800646,天猫超市,4111,消费,POS,中国,浙江省,郑州,DEV00000366,127.62.212.77,ECOM,,6.93,5,,否,,436305,招商银行,收单行C,TERM526807,0,unknown
T000020240963,6222026491309593,韩刚凯,156930196903915033,19817831634,13.9,CNY,M800646,麦当劳,4511,消费,APP,中国,浙江省,郑州,DEV00000364,222.158.104.241,CONTACTLESS,,0.57,12,,否,,495451,招商银行,收单行B,TERM956397,0,unknown
T000020242501,6222021667779376,沈杰杰,463079199309803232,15393740505,547.49,CNY,M782054,饿了么,5814,消费,APP,中国,浙江省,青岛,DEV00000117,212.149.67.37,MANUAL,,7.08,21,,否,,388021,农业银行,收单行B,TERM105643,0,unknown
T000020241117,6222027114223633,吕鹏峰,446133197704102661,19651085229,894.52,CNY,M745830,天猫超市,5211,消费,ECOM,中国,广东省,成都,DEV00000253,243.50.208.38,MAG,3.0,,29,,否,,845763,建设银行,银联,TERM376477,0,unknown
T000020242072,6222021654477195,华平鹏,591354196404839185,13838018256,280.2,CNY,M971084,支付宝,5211,消费,QR,中国,河南省,郑州,DEV00000235,79.241.18.87,MANUAL,,12.02,30,,否,,862062,工商银行,收单行C,TERM511562,0,unknown
T000020243504,6222022320763135,李涛俊,287641198901271216,15843402746,597.44,CNY,M894993,美团外卖,5211,消费,POS,中国,江苏省,郑州,DEV00000184,19.98.87.94,CHIP,6.0,0.93,4,,否,,370402,浦发银行,收单行C,TERM637464,0,unknown
T000020241943,6222027648059419,朱霞飞,244822197810802570,13471366136,347.14,CNY,M130094,海澜之家,5814,预授权,ECOM,中国,四川省,深圳,DEV00000093,243.33.57.212,ECOM,,,7,,否,,920183,工商银行,银联,TERM962806,0,unknown
T000020243073,6222023746317213,赵涛龙,335642199911922365,19561888593,66.95,CNY,M452737,麦当劳,5691,消费,QR,中国,广东省,北京,DEV00000171,210.2.152.77,MANUAL,24.0,,11,,否,,319547,工商银行,银联,TERM621350,0,unknown
T000020242640,6222021106456634,吴秀龙,358346199910076230,13468061437,59.68,CNY,M869440,京东商城,5211,消费,MOBILE,中国,福建省,成都,DEV00000321,50.108.192.195,CHIP,12.0,2.93,9,,否,,974311,中信银行,收单行A,TERM467474,0,unknown
T000020241502,6222025759234471,姜刚阳,475697198404178355,17680788351,888.01,HKD,M664315,星巴克,5812,取现,APP,中国,广东省,北京,DEV00000035,177.92.212.202,MAG,3.0,,15,,否,,162438,浦发银行,收单行C,TERM176999,0,unknown
T000020241254,6222024745927824,金国超,409581199409958541,17754620092,97.11,CNY,M682144,美团外卖,4111,消费,ECOM,中国,河南省,郑州,DEV00000035,132.217.136.255,ECOM,3.0,2.43,23,,否,,891270,农业银行,收单行C,TERM924922,0,unknown
T000020241132,6222029916336966,施丽东,278927198909474381,18421810801,56.03,CNY,M472060,拼多多,5999,消费,APP,中国,四川省,深圳,DEV00000315,75.171.201.90,CONTACTLESS,,,11,,是,真实交易,413038,交通银行,收单行C,TERM406351,0,manual
T000020240825,6222029462806178,许玲民,294234197608808596,17587052625,49.5,CNY,M664315,屈臣氏,4511,消费,QR,中国,山东省,武汉,DEV00000247,19.170.69.184,MANUAL,,,29,,否,,104383,工商银行,收单行C,TERM615326,0,unknown
T000020243470,6222027567496105,孔丽晨,612399196804679925,19329643813,645.85,HKD,M284692,华润万家,5211,消费,POS,中国,上海市,上海,DEV00000128,195.250.151.108,CHIP,,1.73,30,,否,,314744,建设银行,银联,TERM167726,0,unknown
T000020242904,6222023555656321,钱桂阳,451044199609955102,18491841338,579.48,CNY,M370902,拼多多,5999,消费,ECOM,中国,湖北省,深圳,DEV00000248,226.74.147.138,ECOM,,,22,,否,,441079,招商银行,银联,TERM395085,0,unknown
T000020241223,6222028339176912,朱明飞,338948198008824012,17458638224,465.21,CNY,M745830,优衣库,5411,消费,POS,中国,北京市,青岛,DEV00000042,46.5.151.208,MAG,,,28,,否,,492099,中国银行,银联,TERM725654,0,unknown
T000020242726,6222021083651970,吕英平,254185198410746109,13284892394,978.54,CNY,M664315,星巴克,5541,消费,ECOM,中国,浙江省,深圳,DEV00000261,43.128.160.150,MANUAL,12.0,46.96,13,,否,,751154,中信银行,收单行B,TERM391883,0,unknown
T000020241326,6222024311931853,秦杰晨,150347197911296638,13806061153,197.06,CNY,M357420,饿了么,5411,消费,APP,中国,北京市,南京,DEV00000075,95.124.205.77,CONTACTLESS,,,6,,否,,679838,农业银行,收单行B,TERM212267,0,unknown
T000020242656,6222022149938334,秦桂林,581628197407464711,18160191013,133.33,CNY,M739979,海澜之家,4111,预授权,MOBILE,中国,广东省,武汉,DEV00000149,128.1.216.186,MANUAL,,,28,,否,,166510,农业银行,银联,TERM131353,0,unknown
T000020242029,6222023196545325,何兰平,274677200506653567,13656472462,579.46,CNY,M383201,饿了么,5999,消费,ECOM,中国,湖北省,武汉,DEV00000135,163.25.169.179,MANUAL,12.0,,12,,否,,444651,工商银行,收单行B,TERM408700,0,unknown
T000020241267,6222022320763135,孔霞浩,275623200004758962,18503328665,187.64,CNY,M855053,支付宝,5812,消费,POS,中国,湖北省,北京,DEV00000153,156.23.13.56,ECOM,,,23,,否,,879040,交通银行,收单行C,TERM166632,0,unknown
T000020240805,6222023880327491,周强飞,349038199306624143,13844087852,597.5,CNY,M383201,沃尔玛,4111,消费,APP,中国,江苏省,郑州,DEV00000349,144.232.1.241,MANUAL,,,23,,否,,154382,交通银行,银联,TERM985356,0,unknown
T000020242729,6222028285786023,李娜博,436432198809255581,15893953556,79.72,CNY,M606983,支付宝,4111,消费,APP,中国,河南省,郑州,DEV00000073,190.91.46.230,ECOM,6.0,1.45,26,,否,,962128,农业银行,银联,TERM514487,0,unknown
T000020241932,6222024645120421,蒋超凯,192231198002433615,13911205532,64.0,CNY,M782054,优衣库,5311,消费,MOBILE,中国,河南省,广州,DEV00000003,211.209.22.23,CHIP,,,27,,否,,432757,中信银行,收单行B,TERM839960,0,unknown
T000020242618,6222024633987776,褚艳林,437169197201793491,17259995464,256.1,CNY,M782054,饿了么,4511,消费,QR,中国,山东省,深圳,DEV00000354,218.15.148.42,MANUAL,,,21,,否,,668604,中信银行,收单行B,TERM431283,0,unknown
T000020241047,6222025419627962,周秀林,515995199205142229,13817597823,497.84,CNY,M721254,沃尔玛,5999,消费,ECOM,中国,北京市,北京,DEV00000014,13.33.192.136,CHIP,,7.29,12,,否,,735996,建设银行,收单行C,TERM156962,0,unknown
T000020240836,6222027805745017,卫英峰,130705198511999684,18168646103,288.09,CNY,M110644,华润万家,5211,消费,QR,中国,福建省,深圳,DEV00000366,210.63.106.248,CHIP,,,25,,否,,288678,工商银行,银联,TERM939398,0,unknown
T000020242502,6222021977515194,许洋林,139398199407384842,19676101937,337.27,CNY,M392477,华润万家,5541,消费,QR,中国,湖北省,南京,DEV00000358,246.13.127.181,CHIP,,,7,,否,,508717,浦发银行,收单行A,TERM902827,0,unknown
T000020240683,6222021251837136,卫霞亮,203637197408284659,17551478978,109.71,CNY,M370902,中国石油,5999,消费,MOBILE,中国,河南省,武汉,DEV00000134,150.150.237.218,CHIP,,,29,,否,,711922,建设银行,银联,TERM303993,0,unknown
T000020240663,6222021104906255,许艳阳,644273197209035842,13941600554,413.5,CNY,M993085,滴滴出行,5691,消费,MOBILE,中国,广东省,广州,DEV00000198,29.123.255.164,ECOM,,,27,,否,,112653,交通银行,收单行C,TERM238394,0,unknown
T000020243380,6222022094024844,赵飞健,540737197501016175,18608319187,250.18,CNY,M894993,天猫超市,5541,消费,QR,中国,北京市,成都,DEV00000227,250.205.155.190,MANUAL,,,29,,否,,339132,中国银行,收单行A,TERM107744,0,unknown
T000020243225,6222025161807235,金超飞,299622196507036449,13429913943,873.32,CNY,M440802,沃尔玛,4111,消费,MOBILE,中国,广东省,成都,DEV00000364,205.238.209.73,CONTACTLESS,,,14,,否,,156396,中信银行,收单行C,TERM645620,0,unknown
T000020242545,6222023875303857,曹强泽,466610196602134814,13491065921,43.18,HKD,M894993,京东商城,5211,消费,MOBILE,中国,北京市,郑州,DEV00000240,208.17.122.59,CHIP,6.0,0.89,27,,否,,603745,浦发银行,银联,TERM680581,0,unknown
T000020241340,6222028168204967,沈鹏飞,443802197402936143,18333676337,147.88,CNY,M612311,沃尔玛,5541,消费,ECOM,中国,上海市,深圳,DEV00000005,230.240.204.134,CONTACTLESS,3.0,,26,,否,,782216,浦发银行,收单行C,TERM479964,0,unknown
T000020242150,6222026461974809,赵芳平,139643196002854730,15163330159,1073.48,CNY,M647091,携程旅行,5812,消费,POS,中国,江苏省,上海,DEV00000142,212.9.130.235,CHIP,,,91,"R002,R003",否,,359245,农业银行,收单行A,TERM472480,1,chargeback
T000020242695,6222026805759868,金建林,524789200211168115,18902527442,167.89,CNY,M682144,拼多多,5311,消费,QR,中国,浙江省,郑州,DEV00000197,254.26.207.69,ECOM,,,1,,否,,812800,招商银行,收单行C,TERM378695,0,unknown
T000020243410,6222028316648259,许平凯,140233196902161661,17323104191,587.17,CNY,M452737,麦当劳,4111,消费,APP,中国,福建省,南京,DEV00000006,178.26.239.210,ECOM,6.0,,8,,否,,638875,建设银行,收单行C,TERM691335,0,unknown
T000020240680,6222023479708607,蒋明浩,596768199209133029,13359779054,616.66,CNY,M497399,沃尔玛,5691,消费,MOBILE,中国,广东省,上海,DEV00000091,246.242.179.89,MAG,6.0,25.62,22,,否,,194782,招商银行,收单行A,TERM505343,0,unknown
T000020242996,6222026305160342,赵桂龙,376505199205857809,17718511317,414.85,CNY,M611233,中国石化,5999,消费,APP,中国,北京市,郑州,DEV00000241,1.41.236.43,MANUAL,,,22,,否,,944722,中信银行,收单行C,TERM858365,0,unknown
T000020242284,6222022566942273,卫刚健,181956198609745275,13283712724,795.2,CNY,M697530,京东商城,5814,消费,APP,中国,四川省,深圳,DEV00000288,7.74.87.232,MAG,,15.42,29,,否,,187446,浦发银行,收单行C,TERM196978,0,unknown
T000020243140,6222029410288290,蒋艳杰,481880200108863680,18927716757,69.03,HKD,M965845,天猫超市,5211,消费,APP,中国,北京市,郑州,DEV00000181,180.174.163.24,CONTACTLESS,3.0,,1,,否,,577071,农业银行,收单行B,TERM688664,0,unknown
T000020243576,6222021106456634,吴刚博,397628196909781925,15567573428,1036.05,EUR,M886931,拼多多,5999,消费,APP,中国,四川省,青岛,DEV00000045,144.32.124.64,CHIP,,41.64,19,,否,,362218,中信银行,收单行C,TERM508680,0,unknown
T000020241100,6222028429141456,李英亮,528694197408017717,17156737741,750.61,CNY,M993085,去哪儿,5814,消费,ECOM,中国,湖北省,青岛,DEV00000143,217.240.90.129,MAG,12.0,,0,,否,,856148,招商银行,收单行A,TERM161248,0,unknown
T000020242001,6222027161404428,郑强杰,454778197708584938,19436239674,252.68,CNY,M526170,滴滴出行,5999,消费,QR,中国,广东省,武汉,DEV00000257,222.150.34.111,ECOM,,,10,,否,,898810,交通银行,收单行B,TERM239953,0,unknown
T000020242825,6222024460967357,韩明东,246951197404965482,17352698421,41.09,CNY,M725113,支付宝,5691,消费,ECOM,中国,福建省,北京,DEV00000047,79.88.248.35,CHIP,,,2,,否,,302482,交通银行,收单行C,TERM934506,0,unknown
T000020241897,6222024590711152,金强鹏,392397198702046890,18839911153,1082.26,CNY,M392477,携程旅行,4111,消费,ECOM,中国,广东省,杭州,DEV00000273,123.248.147.118,MANUAL,,,28,,否,,157000,中国银行,收单行C,TERM560816,0,unknown
T000020241473,6222021965067727,施磊浩,591537196905642232,18911644273,224.68,CNY,M260422,美团外卖,5311,消费,MOBILE,中国,浙江省,杭州,DEV00000014,214.100.254.246,ECOM,3.0,10.92,14,,否,,804473,工商银行,收单行C,TERM907973,0,unknown
T000020243469,6222028664882079,吕鹏民,577656197207867749,15319781937,436.1,CNY,M947458,美团外卖,5411,消费,MOBILE,中国,福建省,上海,DEV00000006,47.240.16.52,CHIP,,,14,,否,,415055,农业银行,收单行C,TERM900353,0,unknown
T000020242288,6222027146318035,严秀海,449295196104627678,15648934284,203.03,CNY,M992288,优衣库,5999,消费,MOBILE,中国,湖北省,南京,DEV00000347,250.251.78.16,MAG,3.0,7.03,7,,否,,996716,工商银行,银联,TERM206072,0,unknown
T000020242808,6222027049001493,华强俊,283141200311063641,17329629125,546.22,CNY,M440802,去哪儿,5691,消费,POS,中国,福建省,郑州,DEV00000149,81.115.227.69,CHIP,,14.81,30,R002,否,,890003,工商银行,收单行C,TERM536644,2,rule
T000020241496,6222028982597239,张鹏林,125182197808179041,15868554797,588.96,CNY,M611233,麦当劳,4511,消费,POS,中国,四川省,杭州,DEV00000154,66.252.109.177,MAG,,,9,,否,,159726,交通银行,收单行B,TERM625518,0,unknown
T000020241913,6222025931025271,孙静飞,423832196404526103,17272230836,237.22,CNY,M912270,饿了么,4111,消费,MOBILE,中国,广东省,广州,DEV00000190,100.226.13.134,ECOM,,,29,,否,,831213,交通银行,收单行A,TERM393120,0,unknown
T000020242236,6222021817804383,韩兰俊,632966198805522969,15372138275,175.82,CNY,M389688,华润万家,5541,消费,QR,中国,广东省,上海,DEV00000265,99.109.192.38,MAG,24.0,,29,,否,,454351,交通银行,收单行B,TERM328686,0,unknown
T000020243122,6222026649827836,沈兰浩,647779199501866535,15309397199,664.08,CNY,M452737,中国石油,5691,消费,QR,中国,山东省,青岛,DEV00000178,156.245.159.195,ECOM,6.0,,41,,否,,609070,浦发银行,银联,TERM145280,0,unknown
T000020241682,6222022149938334,魏娜飞,151786199609558517,19172855686,97.71,CNY,M866536,中国石化,5311,消费,QR,中国,福建省,郑州,DEV00000173,148.245.230.60,ECOM,,,27,,否,,132840,中国银行,收单行C,TERM122268,0,unknown
T000020241438,6222023875303857,孔秀华,648986197206588512,18830959104,13.01,CNY,M992288,饿了么,5211,消费,APP,中国,四川省,青岛,DEV00000326,148.116.3.176,MANUAL,,,19,,否,,876442,建设银行,收单行B,TERM866008,0,unknown
T000020242424,6222025871743247,钱鹏辉,295004200511144120,18923229225,422.7,CNY,M383201,华润万家,5541,消费,APP,中国,北京市,杭州,DEV00000313,117.66.191.253,MAG,,,20,,否,,430726,浦发银行,收单行C,TERM532032,0,unknown
T000020240636,6222026288227800,陈文峰,323795198611288726,13857820386,402.97,CNY,M664315,去哪儿,5211,消费,QR,中国,河南省,郑州,DEV00000167,170.244.192.81,MAG,,,13,,否,,672808,交通银行,收单行C,TERM739711,0,unknown
T000020240728,6222026633778586,冯艳亮,255308199712094314,15431784498,130.21,CNY,M357420,海澜之家,5814,消费,POS,中国,湖北省,深圳,DEV00000221,255.74.80.82,CHIP,,,17,,否,,224138,农业银行,收单行C,TERM980303,0,unknown
T000020242607,6222024482141802,王秀博,231972200102919284,17959093697,173.85,CNY,M947458,星巴克,4111,预授权,ECOM,中国,上海市,成都,DEV00000064,190.2.80.38,CHIP,,5.03,0,,否,,438786,中信银行,收单行A,TERM829456,0,unknown
T000020241581,6222024131356954,张静阳,240755197010507016,19186622790,14.94,CNY,M284692,优衣库,5411,消费,QR,中国,上海市,青岛,DEV00000012,63.138.123.232,MANUAL,,,26,,否,,262064,交通银行,银联,TERM945220,0,unknown
T000020241661,6222026474354351,韩秀泽,630247197806007584,19349083529,198.18,CNY,M682789,天猫超市,5211,消费,POS,中国,北京市,北京,DEV00000310,71.53.107.28,ECOM,,,14,,否,,496323,中信银行,收单行A,TERM649113,0,unknown
T000020243449,6222025033992825,施艳亮,525526199204946568,13173320091,420.63,CNY,M440802,去哪儿,5999,消费,APP,中国,湖北省,上海,DEV00000289,51.228.185.103,MAG,,,21,R002,否,,508100,交通银行,收单行B,TERM812241,2,rule
T000020243125,6222022439622619,金磊峰,274394199207568960,13251348633,56.84,CNY,M437960,优衣库,5211,消费,QR,中国,北京市,北京,DEV00000181,96.26.156.136,MANUAL,,1.75,25,,否,,576306,交通银行,收单行A,TERM737678,0,unknown
T000020243342,6222027249213370,周英浩,523124199610732654,18848235429,7566.6,CNY,M947458,麦当劳,5814,消费,POS,中国,北京市,郑州,DEV00000214,128.66.40.70,CONTACTLESS,,,7,,否,,394944,中信银行,收单行C,TERM137243,0,unknown
T000020240761,6222023693985578,尤洋东,270940197005882915,13439974407,88.98,CNY,M745830,肯德基,4111,消费,MOBILE,中国,江苏省,深圳,DEV00000190,48.105.17.171,CONTACTLESS,24.0,2.0,5,,否,,270495,招商银行,收单行A,TERM126135,0,unknown
T000020242801,6222025278201677,郑刚国,596286197812069267,18242289375,291.18,CNY,M393243,麦当劳,5211,消费,MOBILE,中国,山东省,广州,DEV00000215,124.125.209.71,MAG,,,0,,否,,166891,交通银行,收单行B,TERM360934,0,unknown
T000020240699,6222023693985578,冯娟林,408987199902434170,17621689527,129.09,CNY,M353080,沃尔玛,4111,消费,QR,中国,北京市,青岛,DEV00000356,150.78.186.207,CONTACTLESS,12.0,2.02,11,,否,,923824,中国银行,银联,TERM390119,0,unknown
T000020243457,6222022227193073,钱华晨,441902199101143473,15415247996,4186.39,CNY,M437960,中国石化,5814,预授权,QR,中国,河南省,杭州,DEV00000234,127.63.120.4,CONTACTLESS,12.0,,9,,否,,547891,建设银行,收单行A,TERM220479,0,unknown
T000020241004,6222023710566582,周英晨,216441197704679748,13936508571,1342.1,CNY,M452737,中国石化,5814,消费,POS,中国,上海市,广州,DEV00000079,137.95.125.202,CHIP,,18.28,6,,否,,952812,工商银行,收单行A,TERM512935,0,unknown
T000020242388,6222029410288290,秦芳峰,211980200207025594,13587840368,125.11,CNY,M526170,支付宝,5541,消费,POS,中国,北京市,成都,DEV00000265,255.98.164.58,CHIP,,,17,,否,,404898,浦发银行,收单行A,TERM467958,0,unknown
T000020243051,6222029703905715,郑秀晨,264552198001359082,19943141642,94.53,CNY,M618317,肯德基,5541,消费,QR,中国,北京市,北京,DEV00000365,252.122.166.2,MAG,3.0,,22,,否,,857996,农业银行,收单行B,TERM802664,0,unknown
T000020242531,6222029309500117,严静民,505887199210765078,18113563276,130.15,CNY,M947458,支付宝,4511,消费,APP,中国,湖北省,武汉,DEV00000347,218.233.247.26,CONTACTLESS,,,0,,否,,737430,农业银行,银联,TERM681716,0,unknown
T000020241001,6222021798112150,沈杰林,195980198610108250,15893671719,456.62,CNY,M353080,沃尔玛,5311,消费,ECOM,中国,湖北省,广州,DEV00000012,139.139.105.226,MANUAL,,,14,,否,,458915,交通银行,收单行A,TERM623273,0,unknown
T000020242334,6222026464693977,韩洋东,437948198209334662,15553526917,567.3,CNY,M472060,京东商城,5814,消费,ECOM,中国,山东省,武汉,DEV00000115,86.75.47.128,ECOM,,,12,,否,,210746,建设银行,收单行B,TERM660541,0,unknown
T000020242190,6222028033702319,秦建博,323492200101722141,17378733997,894.33,CNY,M526170,去哪儿,5541,消费,ECOM,中国,广东省,杭州,DEV00000279,67.164.166.73,CONTACTLESS,3.0,29.31,22,,否,,246583,建设银行,收单行C,TERM687038,0,unknown
T000020240602,6222025972484792,许敏龙,234205199509534697,19508427798,235.06,CNY,M739979,肯德基,4111,消费,MOBILE,中国,山东省,武汉,DEV00000302,254.219.156.146,ECOM,,,25,,否,,204053,中国银行,收单行B,TERM377501,0,unknown
T000020241299,6222027519578899,卫磊辉,416925199110461102,17470321653,58.83,CNY,M440802,华润万家,5691,取现,MOBILE,中国,浙江省,杭州,DEV00000071,96.59.149.179,CHIP,,1.91,0,,否,,655430,农业银行,收单行A,TERM406818,0,unknown
T000020242130,6222025607762160,严国平,222215200407867055,15297543758,468.66,CNY,M936587,拼多多,5814,消费,MOBILE,中国,河南省,成都,DEV00000135,255.197.191.86,MAG,,,7,R004,否,,730295,交通银行,银联,TERM688497,0,unknown
T000020243554,6222024853479481,郑芳辉,335062196410482779,19881396853,712.02,CNY,M912270,中国石化,5812,消费,APP,中国,湖北省,武汉,DEV00000220,67.185.131.102,CONTACTLESS,12.0,21.84,25,,否,,773501,建设银行,银联,TERM128637,0,unknown
T000020242244,6222026923206003,魏强鹏,656910198611669350,15278099676,801.94,CNY,M866536,中国石油,5541,取现,QR,中国,广东省,南京,DEV00000173,7.94.93.115,MANUAL,,,8,,否,,707246,工商银行,收单行B,TERM341230,0,unknown
T000020241396,6222024888749350,蒋勇华,500555199211113322,15839587442,34.25,CNY,M572700,星巴克,5211,消费,MOBILE,中国,福建省,武汉,DEV00000363,165.5.218.13,CHIP,6.0,,17,,否,,723293,农业银行,收单行B,TERM241119,0,unknown
T000020243205,6222021945826486,褚平亮,585256197704524658,18949694609,124.53,CNY,M130094,京东商城,4111,消费,APP,中国,福建省,广州,DEV00000121,146.111.143.249,CONTACTLESS,,3.95,26,,否,,206707,招商银行,银联,TERM663353,0,unknown
T000020241141,6222022867302554,姜超峰,147805200005623474,17211206375,2862.56,CNY,M452737,沃尔玛,4511,消费,POS,中国,山东省,青岛,DEV00000129,178.181.91.154,CONTACTLESS,3.0,,41,,否,,214705,中信银行,收单行A,TERM281050,0,unknown
T000020241621,6222027648059419,魏桂博,332890197107036061,19356042306,764.43,CNY,M800646,去哪儿,5211,消费,APP,中国,四川省,成都,DEV00000247,30.190.37.81,CONTACTLESS,3.0,,2,,否,,748865,建设银行,收单行A,TERM587793,0,unknown
T000020242482,6222024919706735,严刚勇,372336196206814008,19190060404,271.76,CNY,M682144,去哪儿,5691,消费,POS,中国,四川省,武汉,DEV00000137,150.231.99.109,CONTACTLESS,,,11,,否,,177255,农业银行,收单行A,TERM836904,0,unknown
T000020243512,6222023987248494,许玲浩,509306196505527365,18272244522,3475.74,HKD,M130094,屈臣氏,5691,预授权,POS,中国,江苏省,北京,DEV00000098,76.144.238.101,MAG,,,14,,否,,809176,农业银行,收单行A,TERM187078,0,unknown
T000020243374,6222022188332531,陶艳浩,258748200001312100,15322306885,344.85,CNY,M965845,滴滴出行,5311,消费,MOBILE,中国,江苏省,上海,DEV00000301,77.196.147.89,ECOM,,,27,,否,,105001,招商银行,收单行A,TERM213041,0,unknown
T000020241103,6222022811967841,周国鹏,333698198309975194,19920275276,122.03,HKD,M641722,滴滴出行,5999,消费,POS,中国,江苏省,青岛,DEV00000078,108.30.207.221,CONTACTLESS,24.0,,5,,否,,881537,浦发银行,银联,TERM303168,0,unknown
T000020240801,6222025931025271,蒋娟晨,357978199111429264,18223567680,727.99,CNY,M912270,中国石油,5691,消费,MOBILE,中国,北京市,北京,DEV00000284,105.33.247.8,MANUAL,,,1,,否,,119527,招商银行,收单行A,TERM358281,0,unknown
T000020242879,6222028478529823,张建峰,301950199611386013,18774173741,18.17,CNY,M641722,中国石化,5211,消费,MOBILE,中国,广东省,北京,DEV00000175,118.210.15.95,CHIP,,,15,,否,,437691,中信银行,收单行C,TERM724806,0,unknown
T000020242096,6222022320763135,王兰林,426652196606981034,17945633929,2924.14,CNY,M472060,中国石化,5411,消费,APP,中国,北京市,郑州,DEV00000341,21.123.136.123,CONTACTLESS,3.0,,19,,否,,821471,浦发银行,收单行B,TERM921662,0,unknown
T000020241677,6222026464693977,韩春鹏,420051196305768894,18480942217,104.37,CNY,M965845,沃尔玛,4511,消费,ECOM,中国,北京市,广州,DEV00000304,69.79.182.189,ECOM,,0.14,17,,否,,530846,招商银行,收单行A,TERM401446,0,unknown
T000020240938,6222022811967841,秦静国,364948197007678859,19604520959,386.85,CNY,M587455,天猫超市,5311,消费,MOBILE,中国,江苏省,杭州,DEV00000353,246.249.127.72,ECOM,,1.09,14,,否,,459338,招商银行,收单行C,TERM559406,0,unknown
T000020241617,6222022181241943,陶洋凯,508797199604004452,15451537086,104.94,CNY,M370902,携程旅行,5691,消费,ECOM,中国,福建省,杭州,DEV00000126,162.155.211.236,ECOM,6.0,,5,,否,,273693,中信银行,收单行A,TERM863002,0,unknown
T000020241416,6222022591589823,冯兰凯,259961197910967704,19692932647,422.62,CNY,M355709,去哪儿,4111,消费,POS,中国,北京市,成都,DEV00000033,249.23.112.68,CHIP,,1.47,25,,否,,208679,建设银行,收单行A,TERM427208,0,unknown
T000020242582,6222025996775663,许敏峰,447478199104275141,13541336769,57.21,CNY,M383201,海澜之家,4111,消费,APP,中国,浙江省,青岛,DEV00000180,179.106.199.146,ECOM,24.0,0.11,25,,否,,466260,中国银行,收单行C,TERM109796,0,unknown
T000020241730,6222021664847319,施军泽,434093199106746961,13696327200,347.77,CNY,M383201,华润万家,5211,消费,ECOM,中国,广东省,南京,DEV00000316,201.231.61.120,MAG,,5.86,25,,否,,620131,建设银行,银联,TERM138611,0,unknown
T000020242556,6222028588769565,孔磊民,363365197505327307,17930792968,274.23,CNY,M526170,中国石化,4111,转账,APP,中国,北京市,北京,DEV00000291,175.159.220.238,CONTACTLESS,,,7,,否,,999354,农业银行,收单行A,TERM480338,0,unknown
T000020241964,6222022960488639,郑燕阳,219633198009519118,17405909244,527.13,CNY,M697530,去哪儿,5999,消费,QR,中国,江苏省,郑州,DEV00000142,161.180.175.170,MANUAL,,,20,,否,,131349,中信银行,收单行A,TERM599317,0,unknown
T000020240790,6222028854238082,孙军凯,619713199211004799,13667267264,3750.36,CNY,M965845,华润万家,5999,消费,APP,中国,浙江省,杭州,DEV00000284,17.137.213.228,MANUAL,,,9,,否,,777568,交通银行,银联,TERM831396,0,unknown
